Label (Grouping),Alabama!!Total!!Estimate,Alabama!!Total!!Margin of Error,Alabama!!Male!!Estimate,Alabama!!Male!!Margin of Error,Alabama!!Female!!Estimate,Alabama!!Female!!Margin of Error,Alaska!!Total!!Estimate,Alaska!!Total!!Margin of Error,Alaska!!Male!!Estimate,Alaska!!Male!!Margin of Error,Alaska!!Female!!Estimate,Alaska!!Female!!Margin of Error,Arizona!!Total!!Estimate,Arizona!!Total!!Margin of Error,Arizona!!Male!!Estimate,Arizona!!Male!!Margin of Error,Arizona!!Female!!Estimate,Arizona!!Female!!Margin of Error,Arkansas!!Total!!Estimate,Arkansas!!Total!!Margin of Error,Arkansas!!Male!!Estimate,Arkansas!!Male!!Margin of Error,Arkansas!!Female!!Estimate,Arkansas!!Female!!Margin of Error,California!!Total!!Estimate,California!!Total!!Margin of Error,California!!Male!!Estimate,California!!Male!!Margin of Error,California!!Female!!Estimate,California!!Female!!Margin of Error,Colorado!!Total!!Estimate,Colorado!!Total!!Margin of Error,Colorado!!Male!!Estimate,Colorado!!Male!!Margin of Error,Colorado!!Female!!Estimate,Colorado!!Female!!Margin of Error,Connecticut!!Total!!Estimate,Connecticut!!Total!!Margin of Error,Connecticut!!Male!!Estimate,Connecticut!!Male!!Margin of Error,Connecticut!!Female!!Estimate,Connecticut!!Female!!Margin of Error,Delaware!!Total!!Estimate,Delaware!!Total!!Margin of Error,Delaware!!Male!!Estimate,Delaware!!Male!!Margin of Error,Delaware!!Female!!Estimate,Delaware!!Female!!Margin of Error,District of Columbia!!Total!!Estimate,District of Columbia!!Total!!Margin of Error,District of Columbia!!Male!!Estimate,District of Columbia!!Male!!Margin of Error,District of Columbia!!Female!!Estimate,District of Columbia!!Female!!Margin of Error,Florida!!Total!!Estimate,Florida!!Total!!Margin of Error,Florida!!Male!!Estimate,Florida!!Male!!Margin of Error,Florida!!Female!!Estimate,Florida!!Female!!Margin of Error,Georgia!!Total!!Estimate,Georgia!!Total!!Margin of Error,Georgia!!Male!!Estimate,Georgia!!Male!!Margin of Error,Georgia!!Female!!Estimate,Georgia!!Female!!Margin of Error,Hawaii!!Total!!Estimate,Hawaii!!Total!!Margin of Error,Hawaii!!Male!!Estimate,Hawaii!!Male!!Margin of Error,Hawaii!!Female!!Estimate,Hawaii!!Female!!Margin of Error,Idaho!!Total!!Estimate,Idaho!!Total!!Margin of Error,Idaho!!Male!!Estimate,Idaho!!Male!!Margin of Error,Idaho!!Female!!Estimate,Idaho!!Female!!Margin of Error,Illinois!!Total!!Estimate,Illinois!!Total!!Margin of Error,Illinois!!Male!!Estimate,Illinois!!Male!!Margin of Error,Illinois!!Female!!Estimate,Illinois!!Female!!Margin of Error,Indiana!!Total!!Estimate,Indiana!!Total!!Margin of Error,Indiana!!Male!!Estimate,Indiana!!Male!!Margin of Error,Indiana!!Female!!Estimate,Indiana!!Female!!Margin of Error,Iowa!!Total!!Estimate,Iowa!!Total!!Margin of Error,Iowa!!Male!!Estimate,Iowa!!Male!!Margin of Error,Iowa!!Female!!Estimate,Iowa!!Female!!Margin of Error,Kansas!!Total!!Estimate,Kansas!!Total!!Margin of Error,Kansas!!Male!!Estimate,Kansas!!Male!!Margin of Error,Kansas!!Female!!Estimate,Kansas!!Female!!Margin of Error,Kentucky!!Total!!Estimate,Kentucky!!Total!!Margin of Error,Kentucky!!Male!!Estimate,Kentucky!!Male!!Margin of Error,Kentucky!!Female!!Estimate,Kentucky!!Female!!Margin of Error,Louisiana!!Total!!Estimate,Louisiana!!Total!!Margin of Error,Louisiana!!Male!!Estimate,Louisiana!!Male!!Margin of Error,Louisiana!!Female!!Estimate,Louisiana!!Female!!Margin of Error,Maine!!Total!!Estimate,Maine!!Total!!Margin of Error,Maine!!Male!!Estimate,Maine!!Male!!Margin of Error,Maine!!Female!!Estimate,Maine!!Female!!Margin of Error,Maryland!!Total!!Estimate,Maryland!!Total!!Margin of Error,Maryland!!Male!!Estimate,Maryland!!Male!!Margin of Error,Maryland!!Female!!Estimate,Maryland!!Female!!Margin of Error,Massachusetts!!Total!!Estimate,Massachusetts!!Total!!Margin of Error,Massachusetts!!Male!!Estimate,Massachusetts!!Male!!Margin of Error,Massachusetts!!Female!!Estimate,Massachusetts!!Female!!Margin of Error,Michigan!!Total!!Estimate,Michigan!!Total!!Margin of Error,Michigan!!Male!!Estimate,Michigan!!Male!!Margin of Error,Michigan!!Female!!Estimate,Michigan!!Female!!Margin of Error,Minnesota!!Total!!Estimate,Minnesota!!Total!!Margin of Error,Minnesota!!Male!!Estimate,Minnesota!!Male!!Margin of Error,Minnesota!!Female!!Estimate,Minnesota!!Female!!Margin of Error,Mississippi!!Total!!Estimate,Mississippi!!Total!!Margin of Error,Mississippi!!Male!!Estimate,Mississippi!!Male!!Margin of Error,Mississippi!!Female!!Estimate,Mississippi!!Female!!Margin of Error,Missouri!!Total!!Estimate,Missouri!!Total!!Margin of Error,Missouri!!Male!!Estimate,Missouri!!Male!!Margin of Error,Missouri!!Female!!Estimate,Missouri!!Female!!Margin of Error,Montana!!Total!!Estimate,Montana!!Total!!Margin of Error,Montana!!Male!!Estimate,Montana!!Male!!Margin of Error,Montana!!Female!!Estimate,Montana!!Female!!Margin of Error,Nebraska!!Total!!Estimate,Nebraska!!Total!!Margin of Error,Nebraska!!Male!!Estimate,Nebraska!!Male!!Margin of Error,Nebraska!!Female!!Estimate,Nebraska!!Female!!Margin of Error,Nevada!!Total!!Estimate,Nevada!!Total!!Margin of Error,Nevada!!Male!!Estimate,Nevada!!Male!!Margin of Error,Nevada!!Female!!Estimate,Nevada!!Female!!Margin of Error,New Hampshire!!Total!!Estimate,New Hampshire!!Total!!Margin of Error,New Hampshire!!Male!!Estimate,New Hampshire!!Male!!Margin of Error,New Hampshire!!Female!!Estimate,New Hampshire!!Female!!Margin of Error,New Jersey!!Total!!Estimate,New Jersey!!Total!!Margin of Error,New Jersey!!Male!!Estimate,New Jersey!!Male!!Margin of Error,New Jersey!!Female!!Estimate,New Jersey!!Female!!Margin of Error,New Mexico!!Total!!Estimate,New Mexico!!Total!!Margin of Error,New Mexico!!Male!!Estimate,New Mexico!!Male!!Margin of Error,New Mexico!!Female!!Estimate,New Mexico!!Female!!Margin of Error,New York!!Total!!Estimate,New York!!Total!!Margin of Error,New York!!Male!!Estimate,New York!!Male!!Margin of Error,New York!!Female!!Estimate,New York!!Female!!Margin of Error,North Carolina!!Total!!Estimate,North Carolina!!Total!!Margin of Error,North Carolina!!Male!!Estimate,North Carolina!!Male!!Margin of Error,North Carolina!!Female!!Estimate,North Carolina!!Female!!Margin of Error,North Dakota!!Total!!Estimate,North Dakota!!Total!!Margin of Error,North Dakota!!Male!!Estimate,North Dakota!!Male!!Margin of Error,North Dakota!!Female!!Estimate,North Dakota!!Female!!Margin of Error,Ohio!!Total!!Estimate,Ohio!!Total!!Margin of Error,Ohio!!Male!!Estimate,Ohio!!Male!!Margin of Error,Ohio!!Female!!Estimate,Ohio!!Female!!Margin of Error,Oklahoma!!Total!!Estimate,Oklahoma!!Total!!Margin of Error,Oklahoma!!Male!!Estimate,Oklahoma!!Male!!Margin of Error,Oklahoma!!Female!!Estimate,Oklahoma!!Female!!Margin of Error,Oregon!!Total!!Estimate,Oregon!!Total!!Margin of Error,Oregon!!Male!!Estimate,Oregon!!Male!!Margin of Error,Oregon!!Female!!Estimate,Oregon!!Female!!Margin of Error,Pennsylvania!!Total!!Estimate,Pennsylvania!!Total!!Margin of Error,Pennsylvania!!Male!!Estimate,Pennsylvania!!Male!!Margin of Error,Pennsylvania!!Female!!Estimate,Pennsylvania!!Female!!Margin of Error,Rhode Island!!Total!!Estimate,Rhode Island!!Total!!Margin of Error,Rhode Island!!Male!!Estimate,Rhode Island!!Male!!Margin of Error,Rhode Island!!Female!!Estimate,Rhode Island!!Female!!Margin of Error,South Carolina!!Total!!Estimate,South Carolina!!Total!!Margin of Error,South Carolina!!Male!!Estimate,South Carolina!!Male!!Margin of Error,South Carolina!!Female!!Estimate,South Carolina!!Female!!Margin of Error,South Dakota!!Total!!Estimate,South Dakota!!Total!!Margin of Error,South Dakota!!Male!!Estimate,South Dakota!!Male!!Margin of Error,South Dakota!!Female!!Estimate,South Dakota!!Female!!Margin of Error,Tennessee!!Total!!Estimate,Tennessee!!Total!!Margin of Error,Tennessee!!Male!!Estimate,Tennessee!!Male!!Margin of Error,Tennessee!!Female!!Estimate,Tennessee!!Female!!Margin of Error,Texas!!Total!!Estimate,Texas!!Total!!Margin of Error,Texas!!Male!!Estimate,Texas!!Male!!Margin of Error,Texas!!Female!!Estimate,Texas!!Female!!Margin of Error,Utah!!Total!!Estimate,Utah!!Total!!Margin of Error,Utah!!Male!!Estimate,Utah!!Male!!Margin of Error,Utah!!Female!!Estimate,Utah!!Female!!Margin of Error,Vermont!!Total!!Estimate,Vermont!!Total!!Margin of Error,Vermont!!Male!!Estimate,Vermont!!Male!!Margin of Error,Vermont!!Female!!Estimate,Vermont!!Female!!Margin of Error,Virginia!!Total!!Estimate,Virginia!!Total!!Margin of Error,Virginia!!Male!!Estimate,Virginia!!Male!!Margin of Error,Virginia!!Female!!Estimate,Virginia!!Female!!Margin of Error,Washington!!Total!!Estimate,Washington!!Total!!Margin of Error,Washington!!Male!!Estimate,Washington!!Male!!Margin of Error,Washington!!Female!!Estimate,Washington!!Female!!Margin of Error,West Virginia!!Total!!Estimate,West Virginia!!Total!!Margin of Error,West Virginia!!Male!!Estimate,West Virginia!!Male!!Margin of Error,West Virginia!!Female!!Estimate,West Virginia!!Female!!Margin of Error,Wisconsin!!Total!!Estimate,Wisconsin!!Total!!Margin of Error,Wisconsin!!Male!!Estimate,Wisconsin!!Male!!Margin of Error,Wisconsin!!Female!!Estimate,Wisconsin!!Female!!Margin of Error,Wyoming!!Total!!Estimate,Wyoming!!Total!!Margin of Error,Wyoming!!Male!!Estimate,Wyoming!!Male!!Margin of Error,Wyoming!!Female!!Estimate,Wyoming!!Female!!Margin of Error,Puerto Rico!!Total!!Estimate,Puerto Rico!!Total!!Margin of Error,Puerto Rico!!Male!!Estimate,Puerto Rico!!Male!!Margin of Error,Puerto Rico!!Female!!Estimate,Puerto Rico!!Female!!Margin of Error
Population 18 to 24 years,"488,349","±5,182","243,772","±3,615","244,577","±2,904","75,023","±1,675","39,857","±1,368","35,166","±1,026","634,568","±2,871","329,966","±2,076","304,602","±1,944","291,054","±4,853","146,227","±3,242","144,827","±3,473","3,944,934","±5,387","2,054,714","±3,727","1,890,220","±3,404","492,348","±3,623","254,525","±2,614","237,823","±2,431","327,402","±1,539","167,846","±1,080","159,556","±1,165","92,921","±1,133","47,179",±908,"45,742",±786,"86,362",±535,"38,532",±535,"47,830",±4,"1,766,628","±7,478","904,188","±5,813","862,440","±3,893","982,443","±7,231","501,451","±5,073","480,992","±4,381","133,032","±1,373","71,616",±980,"61,416","±1,010","154,661","±2,482","78,541","±2,132","76,120","±1,523","1,251,474","±5,007","637,802","±3,487","613,672","±4,068","654,708","±4,035","333,040","±3,198","321,668","±2,578","306,424","±3,382","156,576","±2,702","149,848","±2,152","291,662","±4,470","149,414","±2,656","142,248","±2,846","421,622","±3,729","215,035","±2,652","206,587","±2,602","480,269","±4,386","243,735","±3,041","236,534","±3,026","116,902","±1,746","59,528","±1,232","57,374","±1,014","560,736","±3,334","285,364","±2,232","275,372","±1,986","681,235","±2,420","339,467","±2,121","341,768","±1,281","972,866","±3,720","495,576","±2,996","477,290","±2,295","498,835","±2,994","253,348","±2,285","245,487","±2,099","312,462","±4,387","159,298","±3,213","153,164","±3,324","593,811","±7,025","300,180","±3,802","293,631","±3,934","95,346","±1,859","49,529","±1,525","45,817","±1,072","185,684","±2,179","95,444","±1,698","90,240","±1,561","250,339","±2,319","128,451","±1,488","121,888","±1,401","123,240","±1,638","61,903","±1,127","61,337","±1,124","767,908","±2,522","398,805","±2,010","369,103","±1,500","205,957","±3,832","106,033","±2,802","99,924","±2,061","1,989,972","±5,582","1,008,132","±3,777","981,840","±3,484","951,694","±7,560","486,243","±4,910","465,451","±4,711","81,096","±1,394","43,616","±1,020","37,480",±795,"1,094,487","±4,053","553,463","±2,754","541,024","±2,404","381,565","±4,019","195,647","±2,975","185,918","±2,451","357,560","±3,189","182,986","±2,365","174,574","±2,336","1,269,627","±4,961","639,980","±3,210","629,647","±3,699","118,884","±1,073","59,706",±819,"59,178",±740,"480,525","±4,761","245,838","±3,747","234,687","±2,455","82,004","±2,093","42,749","±1,307","39,255","±1,380","617,272","±4,483","309,242","±3,145","308,030","±2,949","2,597,445","±7,866","1,337,990","±5,556","1,259,455","±5,530","317,969","±1,743","158,939","±1,242","159,030","±1,388","65,257","±1,054","33,907",±738,"31,350",±621,"809,695","±7,744","416,484","±5,673","393,211","±4,928","655,256","±3,170","336,325","±2,457","318,931","±2,589","172,543","±3,125","88,358","±2,223","84,185","±1,918","554,544","±3,364","284,027","±2,443","270,517","±1,939","56,791","±1,853","30,466","±1,095","26,325","±1,390","379,556","±1,674","190,850","±1,293","188,706",±841
Less than high school graduate,19.90%,±1.0,24.50%,±1.5,15.30%,±1.2,18.80%,±2.2,21.60%,±3.2,15.60%,±3.2,19.60%,±0.9,22.20%,±1.3,16.80%,±1.3,20.30%,±1.6,23.20%,±2.3,17.50%,±2.2,17.30%,±0.3,20.20%,±0.5,14.20%,±0.4,15.40%,±1.0,17.90%,±1.2,12.80%,±1.2,14.10%,±1.1,16.00%,±1.5,12.20%,±1.3,19.50%,±2.6,20.80%,±3.1,18.10%,±3.9,12.10%,±2.2,15.90%,±3.1,9.00%,±2.8,18.90%,±0.6,22.20%,±0.9,15.40%,±0.7,20.80%,±0.8,24.40%,±1.3,17.00%,±1.1,7.10%,±1.5,8.30%,±2.0,5.70%,±1.7,15.80%,±1.6,18.60%,±2.3,12.90%,±2.2,15.20%,±0.6,18.10%,±0.8,12.30%,±0.7,19.90%,±0.8,22.90%,±1.2,16.90%,±1.0,13.10%,±1.1,15.20%,±1.6,10.90%,±1.3,14.60%,±1.2,16.80%,±1.5,12.30%,±1.6,16.80%,±0.8,18.70%,±1.4,14.70%,±1.4,22.00%,±1.1,24.80%,±1.5,19.10%,±1.6,13.10%,±1.5,15.40%,±2.0,10.70%,±2.0,14.20%,±0.9,17.60%,±1.3,10.80%,±1.0,11.80%,±0.7,14.40%,±1.1,9.30%,±0.8,15.10%,±0.6,17.40%,±0.8,12.70%,±0.8,13.40%,±0.7,16.20%,±1.0,10.50%,±0.9,20.30%,±1.2,24.90%,±2.1,15.50%,±1.5,16.30%,±0.8,19.30%,±1.2,13.30%,±1.0,15.80%,±2.3,16.10%,±2.9,15.50%,±3.3,13.40%,±1.3,15.50%,±2.0,11.30%,±1.8,21.90%,±1.6,25.30%,±2.2,18.30%,±2.0,13.20%,±1.7,15.00%,±2.7,11.40%,±2.1,13.30%,±0.7,15.40%,±1.0,11.00%,±0.9,22.30%,±2.0,25.60%,±2.8,18.90%,±2.3,15.10%,±0.4,18.00%,±0.5,12.20%,±0.5,18.30%,±0.7,22.00%,±1.1,14.40%,±1.0,8.50%,±1.4,10.20%,±2.2,6.60%,±1.4,16.60%,±0.5,19.10%,±0.9,14.10%,±0.7,18.50%,±1.1,21.40%,±1.5,15.40%,±1.4,16.40%,±1.2,18.40%,±1.8,14.40%,±1.3,13.50%,±0.6,15.60%,±0.8,11.40%,±0.8,10.80%,±1.6,11.90%,±2.3,9.60%,±2.4,19.70%,±1.2,22.50%,±1.8,16.80%,±1.5,18.60%,±1.9,21.50%,±2.8,15.50%,±2.5,16.50%,±0.9,19.30%,±1.5,13.70%,±1.2,20.00%,±0.5,22.90%,±0.6,16.90%,±0.6,14.40%,±1.2,16.80%,±1.8,12.10%,±1.4,9.00%,±1.5,11.80%,±2.5,5.90%,±1.5,12.80%,±0.7,15.00%,±1.0,10.50%,±0.9,17.80%,±0.9,20.90%,±1.4,14.50%,±1.1,16.20%,±1.6,16.50%,±2.1,15.90%,±2.2,13.30%,±0.7,15.80%,±1.1,10.70%,±0.9,16.20%,±3.2,17.80%,±4.3,14.40%,±3.9,17.80%,±1.2,22.30%,±1.8,13.20%,±1.4
High school graduate (includes equivalency),30.10%,±1.4,32.40%,±1.9,27.90%,±1.8,37.10%,±3.4,39.60%,±5.0,34.40%,±4.2,30.70%,±1.1,33.90%,±1.6,27.40%,±1.6,32.50%,±1.7,34.80%,±2.2,30.30%,±2.3,27.60%,±0.4,29.40%,±0.5,25.70%,±0.6,28.90%,±1.3,31.10%,±2.0,26.60%,±1.7,27.30%,±1.4,31.10%,±2.1,23.30%,±2.0,25.70%,±2.7,29.90%,±3.8,21.40%,±3.7,20.00%,±2.7,22.20%,±5.1,18.20%,±3.0,30.50%,±0.8,32.60%,±1.2,28.20%,±1.0,32.40%,±1.2,35.10%,±1.5,29.60%,±1.7,40.70%,±3.2,45.10%,±4.1,35.50%,±4.5,33.30%,±2.3,35.50%,±2.9,31.00%,±3.4,27.50%,±0.7,30.10%,±0.9,24.80%,±1.0,30.50%,±0.9,32.50%,±1.3,28.40%,±1.4,24.30%,±1.5,26.80%,±2.2,21.70%,±1.6,27.50%,±1.5,29.60%,±1.9,25.30%,±2.1,34.90%,±1.4,39.90%,±1.9,29.70%,±2.0,31.80%,±1.5,35.50%,±1.9,28.00%,±1.8,34.30%,±2.2,35.70%,±3.0,32.80%,±3.1,29.30%,±1.1,30.40%,±1.5,28.20%,±1.6,26.40%,±1.1,28.10%,±1.3,24.60%,±1.4,27.70%,±0.7,31.00%,±1.1,24.20%,±1.0,25.60%,±1.0,29.30%,±1.5,21.90%,±1.2,27.60%,±1.3,29.00%,±1.6,26.10%,±2.1,30.50%,±1.1,32.90%,±1.7,28.10%,±1.5,31.00%,±2.5,33.20%,±3.4,28.70%,±3.8,26.30%,±2.0,27.30%,±2.6,25.20%,±2.7,36.10%,±2.1,37.60%,±2.7,34.60%,±2.6,30.60%,±2.4,29.50%,±3.2,31.70%,±3.4,30.30%,±1.0,33.00%,±1.2,27.40%,±1.3,29.20%,±2.2,32.90%,±3.0,25.10%,±2.3,25.50%,±0.6,27.70%,±0.6,23.30%,±0.9,29.10%,±0.8,31.60%,±1.2,26.40%,±1.0,22.00%,±2.6,24.60%,±3.2,19.00%,±3.5,30.80%,±0.8,33.10%,±1.0,28.50%,±1.0,33.20%,±1.5,35.60%,±2.1,30.50%,±1.9,28.20%,±1.4,28.60%,±1.9,27.80%,±1.8,31.30%,±0.8,34.70%,±1.0,27.80%,±1.0,25.20%,±2.4,30.00%,±3.6,20.40%,±2.9,29.10%,±1.3,32.00%,±1.7,26.10%,±1.8,25.30%,±2.6,26.60%,±3.2,23.90%,±3.8,34.60%,±1.1,37.50%,±1.5,31.70%,±1.5,30.20%,±0.6,32.00%,±0.8,28.40%,±0.7,27.40%,±1.4,29.20%,±2.1,25.60%,±1.8,33.70%,±2.7,34.80%,±3.4,32.60%,±3.7,30.40%,±1.1,33.70%,±1.4,26.80%,±1.4,29.70%,±1.0,32.40%,±1.4,26.90%,±1.6,34.20%,±2.5,38.50%,±3.0,29.60%,±3.3,32.50%,±1.3,34.60%,±1.5,30.20%,±1.8,29.00%,±3.3,33.50%,±4.4,23.70%,±4.7,28.00%,±1.1,30.00%,±1.6,26.10%,±1.6
Some college or associate's degree,43.90%,±1.6,38.20%,±1.8,49.60%,±2.2,40.70%,±3.8,37.30%,±5.3,44.50%,±4.3,43.60%,±1.2,39.10%,±1.6,48.50%,±2.0,41.50%,±2.0,37.20%,±2.7,45.90%,±2.6,47.30%,±0.5,44.00%,±0.6,50.90%,±0.7,44.30%,±1.4,42.40%,±2.1,46.30%,±1.9,45.10%,±1.7,41.80%,±2.4,48.50%,±2.1,46.30%,±3.0,43.20%,±4.3,49.50%,±4.4,39.50%,±3.4,36.50%,±4.8,42.00%,±4.4,43.10%,±0.8,39.00%,±1.0,47.30%,±1.1,39.90%,±1.2,35.10%,±1.2,44.80%,±1.6,45.40%,±3.3,42.40%,±4.3,48.90%,±4.7,44.30%,±2.4,41.20%,±3.2,47.40%,±3.6,45.10%,±0.8,41.80%,±1.1,48.50%,±1.2,42.10%,±1.1,37.90%,±1.4,46.30%,±1.5,52.80%,±1.7,48.80%,±2.5,57.00%,±2.2,49.20%,±1.7,47.50%,±2.0,51.10%,±2.5,41.30%,±1.7,35.60%,±2.0,47.30%,±2.4,39.10%,±1.5,33.80%,±2.0,44.70%,±1.9,44.00%,±2.3,41.50%,±3.2,46.60%,±3.4,43.30%,±1.3,41.60%,±1.4,45.10%,±1.8,45.70%,±1.3,43.50%,±1.8,48.00%,±1.7,49.30%,±1.0,44.90%,±1.3,53.80%,±1.3,49.60%,±1.2,45.70%,±1.8,53.60%,±1.6,46.40%,±1.6,41.60%,±2.0,51.30%,±2.4,43.90%,±1.3,40.50%,±1.8,47.40%,±1.9,47.20%,±2.6,45.40%,±3.8,49.10%,±4.0,51.00%,±2.0,49.00%,±2.5,53.20%,±3.0,37.00%,±1.9,33.10%,±2.7,41.20%,±2.5,45.50%,±2.7,46.80%,±3.9,44.20%,±3.4,43.70%,±1.1,41.50%,±1.4,46.10%,±1.6,43.00%,±2.1,37.30%,±2.8,49.10%,±2.8,44.60%,±0.8,42.60%,±0.9,46.70%,±1.1,44.90%,±0.9,41.20%,±1.4,48.80%,±1.3,58.40%,±3.1,55.10%,±4.2,62.30%,±4.0,43.70%,±0.8,40.20%,±1.3,47.30%,±1.2,42.00%,±1.4,37.70%,±2.0,46.50%,±2.3,48.10%,±1.7,47.00%,±2.3,49.10%,±2.0,43.60%,±0.9,40.20%,±1.3,47.00%,±1.3,52.90%,±2.8,47.80%,±4.0,58.10%,±3.9,43.10%,±1.5,38.50%,±2.3,47.90%,±2.1,47.20%,±3.0,46.00%,±4.1,48.40%,±4.0,41.60%,±1.2,38.10%,±1.5,45.10%,±1.7,42.60%,±0.6,39.00%,±0.8,46.30%,±0.8,52.80%,±1.9,50.70%,±2.6,54.90%,±2.3,47.30%,±3.0,45.70%,±3.8,49.10%,±4.3,45.90%,±1.1,42.80%,±1.7,49.10%,±1.5,43.80%,±1.1,40.00%,±1.6,47.80%,±1.6,41.50%,±2.7,37.50%,±3.3,45.80%,±3.3,45.00%,±1.3,42.00%,±1.6,48.10%,±1.9,47.80%,±3.7,43.80%,±5.0,52.50%,±5.4,48.20%,±1.6,43.40%,±1.9,53.00%,±2.1
Bachelor's degree or higher,6.00%,±0.6,4.80%,±0.8,7.20%,±0.9,3.40%,±1.1,1.50%,±1.0,5.50%,±1.9,6.00%,±0.6,4.80%,±0.7,7.30%,±0.9,5.60%,±0.8,4.80%,±1.0,6.30%,±1.1,7.80%,±0.3,6.40%,±0.3,9.30%,±0.3,11.30%,±0.9,8.60%,±0.9,14.30%,±1.3,13.50%,±1.2,11.10%,±1.7,16.10%,±1.5,8.50%,±1.5,6.10%,±1.7,11.00%,±2.4,28.40%,±2.9,25.40%,±5.2,30.80%,±3.4,7.60%,±0.4,6.20%,±0.5,9.00%,±0.5,6.90%,±0.6,5.40%,±0.6,8.50%,±0.9,6.80%,±1.0,4.20%,±1.1,9.90%,±1.8,6.70%,±1.1,4.70%,±1.4,8.80%,±1.8,12.20%,±0.5,10.10%,±0.6,14.50%,±0.7,7.60%,±0.6,6.70%,±0.7,8.50%,±0.8,9.80%,±0.9,9.20%,±1.2,10.40%,±1.3,8.70%,±0.9,6.10%,±1.1,11.40%,±1.5,7.00%,±0.7,5.80%,±0.8,8.20%,±1.2,7.10%,±0.7,6.00%,±1.0,8.30%,±1.0,8.60%,±1.5,7.40%,±1.6,9.80%,±2.1,13.20%,±0.9,10.40%,±1.1,16.00%,±1.1,16.10%,±0.9,14.10%,±1.1,18.10%,±1.2,8.00%,±0.5,6.80%,±0.6,9.30%,±0.8,11.40%,±0.8,8.80%,±1.0,14.10%,±1.1,5.80%,±0.9,4.50%,±0.9,7.10%,±1.5,9.30%,±0.7,7.40%,±0.8,11.30%,±1.1,5.90%,±1.3,5.30%,±1.9,6.60%,±1.7,9.20%,±0.9,8.20%,±1.4,10.30%,±1.4,5.00%,±0.8,4.00%,±1.0,6.00%,±1.2,10.70%,±1.7,8.70%,±1.9,12.70%,±2.7,12.70%,±0.6,10.10%,±0.8,15.50%,±1.0,5.50%,±0.9,4.10%,±1.1,6.90%,±1.3,14.70%,±0.4,11.70%,±0.6,17.80%,±0.6,7.70%,±0.6,5.30%,±0.7,10.30%,±0.9,11.00%,±2.0,10.10%,±2.5,12.10%,±2.3,8.80%,±0.4,7.60%,±0.7,10.00%,±0.6,6.40%,±0.7,5.20%,±1.0,7.60%,±0.9,7.30%,±0.7,5.90%,±0.8,8.70%,±1.2,11.60%,±0.5,9.40%,±0.6,13.70%,±0.7,11.10%,±2.0,10.30%,±2.4,11.80%,±3.1,8.10%,±0.7,7.10%,±1.0,9.30%,±1.1,8.90%,±2.0,5.80%,±2.0,12.20%,±2.7,7.30%,±0.6,5.10%,±0.7,9.50%,±1.0,7.20%,±0.3,6.10%,±0.4,8.40%,±0.5,5.30%,±0.7,3.30%,±0.8,7.30%,±1.1,10.00%,±1.8,7.80%,±2.5,12.50%,±2.8,10.90%,±0.7,8.40%,±0.9,13.60%,±1.0,8.70%,±0.6,6.70%,±0.8,10.70%,±0.9,8.10%,±1.4,7.50%,±1.7,8.70%,±1.8,9.30%,±0.6,7.50%,±0.8,11.10%,±1.0,7.00%,±2.0,4.90%,±2.4,9.50%,±3.7,6.00%,±0.7,4.30%,±0.7,7.70%,±1.1
Population 25 years and over,"3,161,521","±5,158","1,496,299","±3,390","1,665,222","±3,741","450,577","±1,719","234,264","±1,532","216,313","±1,124","4,146,758","±3,096","2,023,886","±2,551","2,122,872","±2,474","1,919,422","±5,349","923,077","±3,982","996,345","±3,650","24,097,200","±5,727","11,750,261","±4,716","12,346,939","±4,858","3,328,045","±3,818","1,645,135","±3,237","1,682,910","±3,145","2,434,383","±1,628","1,154,728","±1,506","1,279,655","±1,314","600,779","±1,136","283,923",±823,"316,856","±1,077","416,824",±662,"195,701",±605,"221,123",±485,"13,077,179","±7,576","6,259,662","±6,231","6,817,517","±4,967","6,235,623","±7,667","2,964,180","±6,101","3,271,443","±5,377","926,928","±1,367","455,453","±1,136","471,475","±1,210","987,829","±2,954","487,752","±2,558","500,077","±1,890","8,465,762","±4,855","4,058,518","±4,235","4,407,244","±3,649","4,229,798","±5,104","2,039,212","±3,803","2,190,586","±3,402","2,018,785","±3,966","980,435","±3,086","1,038,350","±2,414","1,840,681","±5,033","895,143","±3,017","945,538","±3,282","2,903,308","±4,686","1,397,091","±4,009","1,506,217","±3,052","2,945,907","±4,720","1,409,900","±3,407","1,536,007","±3,595","937,014","±1,752","448,495","±1,386","488,519","±1,192","3,873,474","±3,559","1,823,712","±2,926","2,049,762","±2,119","4,458,898","±2,445","2,107,220","±2,436","2,351,678","±1,725","6,569,801","±4,232","3,156,246","±3,470","3,413,555","±3,175","3,528,096","±3,505","1,724,587","±2,575","1,803,509","±2,837","1,904,406","±4,745","898,383","±3,744","1,006,023","±3,449","3,984,849","±5,419","1,906,757","±3,706","2,078,092","±3,691","672,952","±2,328","333,694","±2,023","339,258","±1,610","1,184,379","±2,776","576,104","±2,159","608,275","±1,836","1,789,530","±2,380","896,586","±2,044","892,944","±1,590","907,755","±1,813","439,976","±1,541","467,779","±1,617","5,970,904","±2,573","2,830,484","±2,207","3,140,420","±2,145","1,341,329","±3,861","650,988","±3,000","690,341","±2,447","13,089,848","±5,372","6,172,582","±4,529","6,917,266","±3,715","6,325,621","±8,504","2,998,220","±5,253","3,327,401","±6,011","442,946","±1,407","220,593","±1,198","222,353","±1,070","7,720,849","±4,652","3,687,918","±4,286","4,032,931","±4,062","2,449,213","±4,397","1,187,348","±3,456","1,261,865","±2,894","2,614,886","±3,688","1,272,231","±2,719","1,342,655","±2,655","8,654,829","±5,036","4,126,181","±4,179","4,528,648","±3,872","709,979","±1,294","333,527","±1,351","376,452","±1,109","3,074,357","±4,942","1,459,418","±4,097","1,614,939","±3,137","532,379","±2,184","262,639","±2,031","269,740","±1,502","4,242,391","±5,415","2,019,720","±4,135","2,222,671","±3,691","15,772,122","±8,854","7,667,730","±6,606","8,104,392","±5,657","1,584,824","±1,842","787,073","±1,617","797,751","±1,651","431,042","±1,273","207,322",±924,"223,720",±978,"5,361,301","±8,828","2,572,980","±7,272","2,788,321","±5,346","4,505,657","±3,392","2,210,655","±3,182","2,295,002","±3,047","1,294,747","±3,486","626,244","±2,630","668,503","±2,097","3,800,295","±4,346","1,857,819","±3,632","1,942,476","±2,541","370,951","±2,166","186,793","±1,714","184,158","±2,057","2,444,933","±1,673","1,132,408","±1,295","1,312,525",±838
Less than 9th grade,6.20%,±0.2,6.70%,±0.3,5.70%,±0.3,2.80%,±0.4,2.90%,±0.5,2.80%,±0.4,6.30%,±0.2,6.40%,±0.3,6.30%,±0.3,6.30%,±0.3,6.80%,±0.4,5.90%,±0.3,10.50%,±0.1,10.30%,±0.2,10.70%,±0.1,4.30%,±0.2,4.50%,±0.3,4.00%,±0.2,4.60%,±0.3,4.90%,±0.4,4.30%,±0.3,3.80%,±0.5,4.20%,±0.7,3.50%,±0.5,4.70%,±0.7,5.30%,±1.0,4.20%,±0.6,5.70%,±0.1,6.10%,±0.2,5.40%,±0.2,5.80%,±0.2,6.40%,±0.2,5.30%,±0.2,4.80%,±0.4,4.00%,±0.5,5.60%,±0.5,4.20%,±0.3,4.40%,±0.4,4.00%,±0.4,5.60%,±0.1,5.60%,±0.2,5.50%,±0.2,4.20%,±0.2,4.50%,±0.2,3.90%,±0.2,3.90%,±0.2,4.00%,±0.3,3.80%,±0.2,4.40%,±0.3,4.80%,±0.4,4.10%,±0.4,7.70%,±0.2,8.30%,±0.4,7.10%,±0.3,6.50%,±0.3,7.30%,±0.4,5.70%,±0.3,3.60%,±0.3,3.90%,±0.4,3.30%,±0.5,4.70%,±0.2,5.00%,±0.3,4.40%,±0.2,4.90%,±0.2,4.80%,±0.3,5.00%,±0.2,3.50%,±0.1,3.70%,±0.1,3.30%,±0.1,3.30%,±0.1,3.30%,±0.2,3.20%,±0.2,6.60%,±0.3,7.30%,±0.5,5.90%,±0.4,4.40%,±0.2,4.40%,±0.2,4.30%,±0.2,2.50%,±0.3,2.80%,±0.4,2.20%,±0.4,4.10%,±0.3,4.40%,±0.4,3.70%,±0.4,6.30%,±0.4,6.50%,±0.6,6.00%,±0.4,2.80%,±0.3,2.70%,±0.4,2.80%,±0.4,5.40%,±0.2,5.50%,±0.3,5.30%,±0.2,7.60%,±0.4,7.90%,±0.6,7.30%,±0.5,7.00%,±0.1,7.00%,±0.2,7.10%,±0.2,5.60%,±0.2,6.40%,±0.2,4.90%,±0.2,4.90%,±0.4,5.10%,±0.5,4.70%,±0.5,3.30%,±0.1,3.40%,±0.2,3.20%,±0.1,4.60%,±0.2,4.80%,±0.3,4.30%,±0.2,4.10%,±0.2,4.50%,±0.3,3.80%,±0.2,3.80%,±0.1,3.80%,±0.2,3.70%,±0.1,7.30%,±0.6,7.50%,±0.8,7.20%,±0.7,5.50%,±0.2,5.90%,±0.3,5.10%,±0.3,4.70%,±0.4,5.30%,±0.6,4.00%,±0.5,6.20%,±0.2,6.60%,±0.3,5.90%,±0.2,9.70%,±0.1,9.90%,±0.2,9.60%,±0.2,3.10%,±0.3,3.10%,±0.3,3.10%,±0.3,3.00%,±0.3,3.80%,±0.5,2.40%,±0.4,5.50%,±0.2,6.20%,±0.2,4.80%,±0.2,4.10%,±0.2,4.10%,±0.2,4.10%,±0.2,6.10%,±0.4,6.70%,±0.5,5.50%,±0.4,3.50%,±0.1,3.40%,±0.2,3.50%,±0.2,2.60%,±0.4,3.10%,±0.7,2.10%,±0.5,19.80%,±0.4,20.40%,±0.5,19.20%,±0.4
"9th to 12th grade, no diploma",11.70%,±0.3,12.00%,±0.5,11.40%,±0.5,6.10%,±0.6,6.40%,±0.9,5.90%,±0.7,8.10%,±0.3,8.40%,±0.4,7.70%,±0.4,10.70%,±0.4,11.20%,±0.6,10.30%,±0.5,8.80%,±0.1,9.40%,±0.2,8.20%,±0.1,6.10%,±0.2,6.40%,±0.3,5.70%,±0.3,6.80%,±0.3,7.10%,±0.4,6.50%,±0.4,8.50%,±0.7,9.40%,±0.9,7.60%,±0.8,7.90%,±0.7,8.00%,±0.9,7.80%,±0.8,8.80%,±0.2,9.60%,±0.2,8.00%,±0.2,9.90%,±0.2,10.60%,±0.3,9.30%,±0.3,5.30%,±0.4,5.00%,±0.5,5.60%,±0.6,7.50%,±0.4,7.90%,±0.6,7.10%,±0.6,7.50%,±0.1,8.00%,±0.2,7.10%,±0.2,8.80%,±0.2,9.10%,±0.3,8.60%,±0.2,5.50%,±0.2,6.10%,±0.3,5.00%,±0.3,6.40%,±0.3,6.60%,±0.4,6.20%,±0.4,10.40%,±0.3,10.90%,±0.4,9.90%,±0.4,11.60%,±0.3,12.30%,±0.4,11.00%,±0.4,6.10%,±0.4,7.10%,±0.6,5.20%,±0.5,7.20%,±0.2,8.00%,±0.4,6.60%,±0.3,6.00%,±0.2,6.30%,±0.3,5.60%,±0.2,7.80%,±0.2,8.30%,±0.2,7.30%,±0.2,4.90%,±0.2,5.40%,±0.2,4.40%,±0.2,12.40%,±0.5,13.70%,±0.6,11.30%,±0.6,8.70%,±0.2,9.00%,±0.3,8.50%,±0.3,5.80%,±0.5,6.10%,±0.7,5.40%,±0.6,5.60%,±0.4,6.10%,±0.5,5.10%,±0.4,9.10%,±0.4,8.80%,±0.5,9.40%,±0.6,5.80%,±0.4,6.50%,±0.6,5.10%,±0.5,6.50%,±0.2,6.90%,±0.3,6.30%,±0.2,9.10%,±0.5,9.80%,±0.7,8.40%,±0.5,8.10%,±0.2,8.50%,±0.2,7.70%,±0.2,9.60%,±0.2,10.80%,±0.3,8.60%,±0.3,4.70%,±0.4,5.10%,±0.6,4.40%,±0.6,8.60%,±0.2,9.00%,±0.3,8.20%,±0.2,9.20%,±0.3,9.50%,±0.5,9.00%,±0.4,7.20%,±0.3,7.60%,±0.4,6.70%,±0.4,7.80%,±0.1,8.00%,±0.2,7.60%,±0.2,9.20%,±0.7,9.90%,±1.0,8.50%,±0.7,10.50%,±0.3,11.30%,±0.5,9.70%,±0.3,5.70%,±0.6,6.20%,±0.7,5.30%,±0.8,10.10%,±0.3,10.80%,±0.4,9.50%,±0.3,9.60%,±0.1,10.10%,±0.2,9.10%,±0.2,6.30%,±0.3,6.80%,±0.5,5.90%,±0.4,5.90%,±0.6,7.00%,±0.9,4.90%,±0.6,8.00%,±0.2,8.60%,±0.3,7.40%,±0.3,6.10%,±0.2,6.80%,±0.3,5.40%,±0.3,10.70%,±0.5,11.30%,±0.6,10.10%,±0.6,6.40%,±0.2,7.10%,±0.3,5.70%,±0.3,5.10%,±0.6,5.10%,±0.9,5.10%,±0.8,10.70%,±0.3,12.00%,±0.4,9.60%,±0.5
High school graduate (includes equivalency),31.30%,±0.5,32.20%,±0.7,30.40%,±0.6,25.30%,±1.0,28.20%,±1.6,22.10%,±1.2,25.10%,±0.4,25.10%,±0.6,25.10%,±0.5,34.60%,±0.6,35.30%,±0.7,34.00%,±0.7,20.80%,±0.1,21.00%,±0.2,20.60%,±0.2,22.80%,±0.4,23.10%,±0.5,22.50%,±0.5,28.20%,±0.5,28.90%,±0.6,27.60%,±0.7,32.70%,±1.0,32.40%,±1.3,32.80%,±1.3,20.30%,±1.0,19.90%,±1.5,20.60%,±1.5,29.90%,±0.2,29.50%,±0.3,30.30%,±0.3,29.30%,±0.4,29.80%,±0.5,28.80%,±0.5,28.60%,±1.0,29.80%,±1.2,27.40%,±1.2,28.60%,±0.7,29.20%,±1.0,28.00%,±0.9,27.60%,±0.3,28.10%,±0.4,27.10%,±0.3,36.00%,±0.3,36.30%,±0.5,35.70%,±0.4,33.70%,±0.5,35.10%,±0.6,32.50%,±0.7,27.80%,±0.5,28.80%,±0.8,26.80%,±0.7,34.30%,±0.5,36.00%,±0.7,32.80%,±0.6,34.40%,±0.5,35.80%,±0.7,33.10%,±0.6,34.40%,±0.8,35.40%,±0.9,33.50%,±1.1,25.90%,±0.4,26.10%,±0.5,25.80%,±0.4,26.20%,±0.3,27.30%,±0.5,25.20%,±0.5,30.90%,±0.3,31.20%,±0.4,30.60%,±0.3,27.30%,±0.3,27.90%,±0.4,26.80%,±0.4,30.60%,±0.5,31.90%,±0.8,29.50%,±0.6,31.90%,±0.4,32.90%,±0.6,30.90%,±0.4,29.90%,±0.9,30.80%,±1.2,29.00%,±1.1,28.30%,±0.6,28.80%,±0.9,27.90%,±0.7,29.70%,±0.7,29.70%,±0.9,29.70%,±0.9,29.80%,±0.8,30.70%,±1.2,29.00%,±0.9,29.50%,±0.4,28.80%,±0.5,30.10%,±0.4,26.40%,±0.5,27.30%,±0.9,25.70%,±0.8,27.70%,±0.2,27.90%,±0.3,27.50%,±0.3,27.70%,±0.3,28.50%,±0.5,26.90%,±0.4,27.10%,±0.8,27.90%,±1.1,26.20%,±1.0,35.20%,±0.3,35.80%,±0.5,34.70%,±0.4,32.00%,±0.5,32.50%,±0.7,31.70%,±0.5,25.00%,±0.5,25.20%,±0.7,24.80%,±0.7,37.50%,±0.3,37.50%,±0.4,37.50%,±0.3,27.20%,±0.9,27.30%,±1.3,27.10%,±1.1,30.50%,±0.5,31.00%,±0.7,30.00%,±0.6,31.60%,±1.1,33.40%,±1.4,29.90%,±1.4,33.50%,±0.4,34.10%,±0.6,33.00%,±0.5,25.60%,±0.2,25.50%,±0.3,25.70%,±0.2,24.50%,±0.5,23.20%,±0.7,25.70%,±0.8,31.50%,±1.1,33.90%,±1.5,29.30%,±1.2,25.40%,±0.3,25.50%,±0.4,25.40%,±0.4,23.80%,±0.4,23.80%,±0.5,23.80%,±0.5,41.60%,±0.8,42.80%,±1.1,40.50%,±1.0,33.30%,±0.4,34.30%,±0.5,32.30%,±0.5,30.20%,±1.2,31.70%,±1.6,28.70%,±1.8,25.50%,±0.5,28.10%,±0.7,23.30%,±0.5
"Some college, no degree",21.80%,±0.4,21.20%,±0.5,22.40%,±0.5,29.60%,±1.0,29.00%,±1.3,30.20%,±1.5,26.50%,±0.4,25.40%,±0.5,27.60%,±0.5,22.50%,±0.5,21.70%,±0.7,23.30%,±0.6,22.20%,±0.2,21.90%,±0.2,22.50%,±0.2,22.60%,±0.4,22.20%,±0.6,23.10%,±0.5,17.70%,±0.4,16.80%,±0.5,18.60%,±0.6,20.00%,±0.9,19.70%,±1.2,20.30%,±1.2,13.80%,±1.0,12.50%,±1.4,15.00%,±1.3,21.20%,±0.2,20.40%,±0.3,21.90%,±0.3,21.00%,±0.3,20.20%,±0.4,21.70%,±0.4,22.50%,±0.6,23.00%,±0.8,22.10%,±1.0,27.00%,±0.7,24.90%,±1.0,29.10%,±1.1,21.30%,±0.2,20.80%,±0.3,21.80%,±0.3,20.90%,±0.3,20.40%,±0.4,21.40%,±0.4,21.80%,±0.4,21.10%,±0.6,22.50%,±0.5,24.20%,±0.5,23.40%,±0.6,25.00%,±0.7,20.20%,±0.5,19.30%,±0.6,21.00%,±0.6,21.00%,±0.4,20.20%,±0.6,21.80%,±0.6,20.10%,±0.6,19.90%,±0.9,20.30%,±0.7,19.70%,±0.4,19.00%,±0.5,20.40%,±0.5,16.30%,±0.3,15.90%,±0.4,16.80%,±0.4,24.20%,±0.2,24.10%,±0.3,24.40%,±0.3,22.70%,±0.3,21.90%,±0.4,23.40%,±0.4,22.50%,±0.5,21.50%,±0.7,23.30%,±0.7,22.60%,±0.4,22.10%,±0.5,23.10%,±0.5,25.10%,±0.9,24.80%,±1.3,25.40%,±1.1,24.40%,±0.5,23.20%,±0.8,25.50%,±0.7,26.20%,±0.5,25.90%,±0.7,26.60%,±0.9,18.90%,±0.7,18.90%,±0.9,18.90%,±1.0,17.00%,±0.3,17.30%,±0.3,16.70%,±0.3,24.90%,±0.6,23.70%,±0.9,26.00%,±0.8,16.40%,±0.2,17.00%,±0.3,15.90%,±0.2,22.00%,±0.3,20.90%,±0.4,23.00%,±0.4,24.00%,±0.9,23.50%,±1.2,24.40%,±1.2,20.50%,±0.2,20.10%,±0.3,20.80%,±0.3,24.50%,±0.4,24.00%,±0.6,25.00%,±0.6,27.20%,±0.4,25.90%,±0.5,28.50%,±0.6,16.50%,±0.2,16.50%,±0.3,16.40%,±0.3,18.70%,±0.8,18.10%,±1.1,19.10%,±1.3,20.60%,±0.4,20.00%,±0.6,21.10%,±0.6,21.70%,±0.8,19.60%,±1.1,23.70%,±1.1,20.80%,±0.3,19.80%,±0.4,21.70%,±0.5,22.80%,±0.2,22.10%,±0.2,23.50%,±0.3,27.80%,±0.6,26.60%,±0.8,28.90%,±0.9,17.60%,±0.8,15.70%,±1.1,19.40%,±1.1,20.10%,±0.3,19.10%,±0.4,21.00%,±0.4,25.50%,±0.4,24.60%,±0.5,26.40%,±0.5,18.30%,±0.5,17.60%,±0.7,19.00%,±0.7,21.10%,±0.3,20.60%,±0.4,21.70%,±0.4,27.30%,±1.3,27.20%,±1.7,27.40%,±1.7,13.00%,±0.3,13.40%,±0.6,12.60%,±0.4
Associate's degree,7.10%,±0.2,5.90%,±0.3,8.20%,±0.3,8.20%,±0.7,7.20%,±0.8,9.40%,±1.0,8.10%,±0.3,7.60%,±0.3,8.60%,±0.3,6.30%,±0.3,5.20%,±0.4,7.40%,±0.4,7.60%,±0.1,7.00%,±0.1,8.20%,±0.1,7.80%,±0.2,7.20%,±0.3,8.50%,±0.3,7.10%,±0.2,5.90%,±0.3,8.20%,±0.4,7.20%,±0.6,6.30%,±0.7,8.10%,±0.9,3.20%,±0.5,2.90%,±0.7,3.40%,±0.7,8.60%,±0.2,7.60%,±0.2,9.40%,±0.2,6.80%,±0.2,5.90%,±0.3,7.60%,±0.3,9.20%,±0.5,8.90%,±0.7,9.60%,±0.6,8.30%,±0.4,8.00%,±0.6,8.60%,±0.5,7.20%,±0.1,6.50%,±0.2,7.80%,±0.2,7.50%,±0.2,6.70%,±0.3,8.20%,±0.3,10.00%,±0.3,8.90%,±0.4,11.10%,±0.4,7.40%,±0.3,6.60%,±0.5,8.10%,±0.4,6.80%,±0.2,5.30%,±0.3,8.30%,±0.4,5.10%,±0.2,4.00%,±0.3,6.20%,±0.3,9.00%,±0.4,8.00%,±0.6,10.00%,±0.6,6.30%,±0.2,5.40%,±0.3,7.20%,±0.3,7.60%,±0.2,6.40%,±0.3,8.70%,±0.3,8.40%,±0.2,7.10%,±0.2,9.50%,±0.2,10.00%,±0.2,9.40%,±0.3,10.60%,±0.3,8.40%,±0.3,7.20%,±0.4,9.40%,±0.5,6.80%,±0.2,6.20%,±0.3,7.40%,±0.3,7.90%,±0.5,7.20%,±0.7,8.70%,±0.8,9.00%,±0.3,9.00%,±0.5,9.00%,±0.5,7.10%,±0.3,6.60%,±0.4,7.50%,±0.5,10.00%,±0.5,8.80%,±0.6,11.10%,±0.6,6.20%,±0.2,5.30%,±0.2,6.90%,±0.2,7.00%,±0.4,6.20%,±0.5,7.80%,±0.5,8.20%,±0.1,7.30%,±0.2,9.00%,±0.2,8.60%,±0.2,7.10%,±0.2,10.00%,±0.3,11.70%,±0.7,12.40%,±1.0,11.00%,±0.8,7.80%,±0.2,6.50%,±0.2,9.00%,±0.2,6.80%,±0.3,6.10%,±0.3,7.50%,±0.4,7.80%,±0.3,7.60%,±0.3,8.00%,±0.4,7.40%,±0.1,6.50%,±0.2,8.20%,±0.2,7.40%,±0.5,6.60%,±0.7,8.10%,±0.6,8.40%,±0.2,7.30%,±0.3,9.50%,±0.4,10.00%,±0.6,9.30%,±0.8,10.70%,±0.9,6.20%,±0.2,5.10%,±0.3,7.20%,±0.3,6.30%,±0.1,5.90%,±0.2,6.70%,±0.2,9.00%,±0.4,8.00%,±0.5,10.10%,±0.5,8.30%,±0.7,7.60%,±0.9,9.00%,±0.8,6.70%,±0.2,5.90%,±0.2,7.50%,±0.3,9.40%,±0.2,9.00%,±0.3,9.90%,±0.3,5.80%,±0.3,4.40%,±0.4,7.10%,±0.5,9.30%,±0.2,8.60%,±0.3,10.10%,±0.2,10.70%,±0.6,9.00%,±1.0,12.40%,±1.2,8.70%,±0.3,7.50%,±0.3,9.70%,±0.4
Bachelor's degree,13.90%,±0.3,14.00%,±0.5,13.80%,±0.4,18.50%,±1.0,16.60%,±1.3,20.50%,±1.3,16.70%,±0.3,17.50%,±0.4,15.90%,±0.4,13.20%,±0.4,13.50%,±0.6,12.90%,±0.5,19.10%,±0.1,18.80%,±0.2,19.50%,±0.2,23.40%,±0.4,23.00%,±0.5,23.80%,±0.5,20.20%,±0.5,20.80%,±0.6,19.70%,±0.6,16.50%,±0.8,16.00%,±1.0,17.10%,±1.1,23.20%,±1.0,23.30%,±1.5,23.10%,±1.2,16.60%,±0.2,16.80%,±0.2,16.50%,±0.2,17.50%,±0.3,17.70%,±0.4,17.40%,±0.4,19.90%,±0.6,19.50%,±0.8,20.20%,±0.8,16.70%,±0.6,16.60%,±0.8,16.90%,±0.9,19.20%,±0.2,19.10%,±0.3,19.40%,±0.3,14.60%,±0.3,14.80%,±0.4,14.40%,±0.3,17.10%,±0.5,16.50%,±0.6,17.60%,±0.6,19.30%,±0.5,18.90%,±0.6,19.60%,±0.7,12.40%,±0.3,12.70%,±0.4,12.10%,±0.4,14.40%,±0.3,13.80%,±0.5,15.00%,±0.5,17.30%,±0.6,16.40%,±0.8,18.10%,±0.8,19.70%,±0.4,19.30%,±0.5,20.10%,±0.5,22.30%,±0.3,22.30%,±0.5,22.20%,±0.4,15.60%,±0.2,15.50%,±0.3,15.60%,±0.3,21.50%,±0.3,21.30%,±0.4,21.80%,±0.4,12.40%,±0.4,11.60%,±0.5,13.20%,±0.5,16.00%,±0.3,15.90%,±0.4,16.20%,±0.4,19.80%,±0.9,18.60%,±1.1,21.00%,±1.0,19.60%,±0.5,19.00%,±0.6,20.20%,±0.6,14.30%,±0.5,14.50%,±0.6,14.10%,±0.7,20.40%,±0.6,19.90%,±0.8,20.90%,±0.8,22.10%,±0.3,22.10%,±0.4,22.20%,±0.4,14.20%,±0.5,14.00%,±0.7,14.30%,±0.6,18.60%,±0.2,18.90%,±0.2,18.30%,±0.2,17.80%,±0.3,17.40%,±0.4,18.10%,±0.4,19.70%,±0.9,18.10%,±1.1,21.30%,±1.1,15.70%,±0.2,16.10%,±0.3,15.30%,±0.3,15.40%,±0.4,15.30%,±0.4,15.40%,±0.5,18.30%,±0.4,18.30%,±0.5,18.30%,±0.5,16.70%,±0.2,17.00%,±0.3,16.40%,±0.3,18.10%,±0.7,18.60%,±1.0,17.60%,±0.9,15.80%,±0.3,16.00%,±0.5,15.60%,±0.4,18.60%,±0.7,17.80%,±1.0,19.30%,±1.0,14.60%,±0.3,15.00%,±0.4,14.40%,±0.4,17.30%,±0.2,17.20%,±0.2,17.40%,±0.2,19.90%,±0.5,20.40%,±0.7,19.40%,±0.7,20.30%,±0.8,19.20%,±1.2,21.40%,±1.0,20.10%,±0.3,19.40%,±0.4,20.70%,±0.4,19.90%,±0.3,20.20%,±0.4,19.70%,±0.4,10.90%,±0.4,10.90%,±0.6,10.80%,±0.5,17.40%,±0.3,16.70%,±0.4,18.00%,±0.3,15.70%,±1.0,15.00%,±1.2,16.40%,±1.5,15.90%,±0.3,12.90%,±0.4,18.60%,±0.4
Graduate or professional degree,8.00%,±0.2,7.90%,±0.3,8.10%,±0.3,9.40%,±0.8,9.70%,±0.9,9.20%,±1.1,9.20%,±0.3,9.60%,±0.4,8.90%,±0.3,6.30%,±0.3,6.40%,±0.4,6.20%,±0.4,11.00%,±0.1,11.70%,±0.1,10.20%,±0.1,13.00%,±0.3,13.50%,±0.4,12.40%,±0.4,15.30%,±0.4,15.60%,±0.5,15.10%,±0.5,11.30%,±0.6,12.00%,±0.9,10.60%,±0.7,26.90%,±1.0,28.10%,±1.6,25.90%,±1.3,9.20%,±0.1,9.90%,±0.2,8.50%,±0.2,9.80%,±0.2,9.50%,±0.3,10.00%,±0.3,9.60%,±0.6,9.80%,±0.7,9.40%,±0.7,7.70%,±0.4,9.00%,±0.7,6.40%,±0.5,11.50%,±0.2,11.80%,±0.2,11.30%,±0.2,8.10%,±0.2,8.20%,±0.3,8.00%,±0.3,7.90%,±0.3,8.20%,±0.4,7.50%,±0.4,10.50%,±0.4,11.00%,±0.5,10.10%,±0.5,8.10%,±0.3,7.50%,±0.3,8.80%,±0.3,7.00%,±0.2,6.70%,±0.3,7.30%,±0.3,9.50%,±0.5,9.30%,±0.6,9.60%,±0.6,16.40%,±0.3,17.20%,±0.4,15.60%,±0.3,16.70%,±0.3,17.00%,±0.4,16.50%,±0.3,9.60%,±0.2,10.00%,±0.2,9.20%,±0.2,10.30%,±0.3,10.80%,±0.3,9.80%,±0.3,7.10%,±0.3,6.70%,±0.4,7.40%,±0.4,9.50%,±0.2,9.60%,±0.3,9.50%,±0.3,9.00%,±0.6,9.70%,±0.8,8.30%,±0.7,9.00%,±0.4,9.50%,±0.6,8.50%,±0.5,7.40%,±0.3,8.00%,±0.5,6.70%,±0.5,12.40%,±0.5,12.60%,±0.6,12.20%,±0.7,13.30%,±0.2,14.20%,±0.3,12.40%,±0.2,10.80%,±0.5,11.10%,±0.6,10.50%,±0.6,14.00%,±0.2,13.40%,±0.2,14.50%,±0.2,8.70%,±0.2,8.90%,±0.2,8.50%,±0.3,7.90%,±0.7,7.80%,±0.8,7.90%,±0.8,8.90%,±0.2,9.10%,±0.2,8.80%,±0.2,7.50%,±0.3,7.90%,±0.3,7.20%,±0.4,10.50%,±0.2,10.90%,±0.4,10.10%,±0.3,10.40%,±0.2,10.70%,±0.2,10.10%,±0.2,12.20%,±0.6,12.00%,±0.9,12.30%,±0.7,8.80%,±0.3,8.50%,±0.4,9.10%,±0.4,7.70%,±0.5,8.30%,±0.7,7.10%,±0.7,8.50%,±0.2,8.50%,±0.3,8.50%,±0.3,8.60%,±0.1,9.30%,±0.2,8.00%,±0.1,9.40%,±0.4,12.00%,±0.5,6.90%,±0.4,13.30%,±0.7,12.80%,±0.9,13.70%,±0.9,14.20%,±0.2,15.30%,±0.3,13.10%,±0.3,11.10%,±0.2,11.50%,±0.3,10.70%,±0.3,6.60%,±0.3,6.30%,±0.4,7.00%,±0.4,9.00%,±0.2,9.30%,±0.3,8.70%,±0.3,8.40%,±0.9,9.00%,±1.0,7.80%,±1.2,6.30%,±0.2,5.60%,±0.3,6.90%,±0.3
Percent high school graduate or higher,82.10%,±0.4,81.30%,±0.5,82.90%,±0.5,91.00%,±0.7,90.70%,±1.1,91.40%,±0.8,85.60%,±0.4,85.20%,±0.4,86.10%,±0.4,82.90%,±0.5,82.00%,±0.6,83.80%,±0.6,80.70%,±0.2,80.30%,±0.2,81.10%,±0.2,89.70%,±0.3,89.00%,±0.4,90.30%,±0.4,88.60%,±0.4,87.90%,±0.5,89.20%,±0.5,87.70%,±0.8,86.30%,±1.1,88.90%,±1.0,87.40%,±0.9,86.80%,±1.4,88.00%,±1.0,85.50%,±0.2,84.30%,±0.3,86.60%,±0.2,84.30%,±0.3,83.10%,±0.3,85.40%,±0.3,89.90%,±0.6,91.10%,±0.7,88.80%,±0.7,88.30%,±0.5,87.70%,±0.7,88.90%,±0.7,86.90%,±0.2,86.30%,±0.3,87.40%,±0.3,87.00%,±0.2,86.40%,±0.3,87.60%,±0.3,90.60%,±0.3,89.90%,±0.5,91.20%,±0.4,89.20%,±0.4,88.60%,±0.5,89.70%,±0.4,81.90%,±0.4,80.80%,±0.6,83.00%,±0.4,81.90%,±0.4,80.50%,±0.6,83.30%,±0.5,90.30%,±0.5,89.00%,±0.7,91.50%,±0.6,88.10%,±0.3,87.00%,±0.5,89.00%,±0.3,89.10%,±0.2,88.90%,±0.3,89.30%,±0.3,88.70%,±0.2,88.00%,±0.3,89.40%,±0.2,91.80%,±0.2,91.20%,±0.3,92.30%,±0.3,81.00%,±0.5,79.00%,±0.7,82.80%,±0.6,86.90%,±0.3,86.50%,±0.4,87.20%,±0.3,91.70%,±0.6,91.10%,±0.7,92.40%,±0.7,90.40%,±0.4,89.50%,±0.5,91.20%,±0.6,84.70%,±0.5,84.70%,±0.7,84.60%,±0.6,91.50%,±0.5,90.80%,±0.7,92.00%,±0.6,88.00%,±0.3,87.60%,±0.3,88.40%,±0.3,83.30%,±0.6,82.30%,±0.8,84.30%,±0.7,84.90%,±0.2,84.50%,±0.3,85.20%,±0.2,84.70%,±0.3,82.80%,±0.4,86.50%,±0.3,90.30%,±0.6,89.80%,±0.8,90.90%,±0.7,88.10%,±0.2,87.60%,±0.3,88.70%,±0.2,86.20%,±0.4,85.70%,±0.6,86.70%,±0.4,88.80%,±0.4,87.90%,±0.5,89.60%,±0.5,88.40%,±0.2,88.20%,±0.2,88.60%,±0.2,83.50%,±0.9,82.60%,±1.1,84.30%,±1.0,84.10%,±0.4,82.80%,±0.6,85.20%,±0.4,89.60%,±0.7,88.50%,±0.9,90.70%,±0.9,83.60%,±0.4,82.50%,±0.5,84.60%,±0.4,80.70%,±0.2,80.00%,±0.2,81.30%,±0.2,90.60%,±0.4,90.20%,±0.6,91.00%,±0.5,91.00%,±0.7,89.20%,±1.0,92.70%,±0.7,86.50%,±0.3,85.20%,±0.4,87.80%,±0.3,89.80%,±0.2,89.10%,±0.3,90.50%,±0.3,83.20%,±0.6,82.00%,±0.7,84.40%,±0.7,90.10%,±0.2,89.40%,±0.3,90.80%,±0.3,92.30%,±0.7,91.80%,±1.0,92.80%,±1.0,69.50%,±0.4,67.50%,±0.6,71.10%,±0.5
Percent bachelor's degree or higher,21.90%,±0.4,22.00%,±0.5,21.90%,±0.5,27.90%,±1.3,26.30%,±1.5,29.70%,±1.5,25.90%,±0.4,27.10%,±0.6,24.80%,±0.4,19.50%,±0.5,19.90%,±0.6,19.10%,±0.6,30.10%,±0.2,30.50%,±0.2,29.70%,±0.2,36.40%,±0.5,36.60%,±0.5,36.20%,±0.6,35.50%,±0.6,36.40%,±0.7,34.80%,±0.7,27.80%,±1.0,28.00%,±1.3,27.60%,±1.1,50.10%,±1.1,51.40%,±1.5,48.90%,±1.4,25.80%,±0.2,26.70%,±0.3,24.90%,±0.2,27.30%,±0.3,27.20%,±0.4,27.40%,±0.4,29.50%,±0.8,29.40%,±1.0,29.70%,±1.0,24.40%,±0.7,25.60%,±0.9,23.20%,±1.0,30.80%,±0.3,30.90%,±0.3,30.70%,±0.3,22.70%,±0.3,23.00%,±0.4,22.40%,±0.4,24.90%,±0.6,24.70%,±0.7,25.20%,±0.7,29.80%,±0.6,29.80%,±0.7,29.70%,±0.7,20.50%,±0.4,20.10%,±0.5,20.90%,±0.5,21.40%,±0.4,20.50%,±0.5,22.30%,±0.5,26.80%,±0.7,25.80%,±1.0,27.70%,±0.9,36.10%,±0.5,36.50%,±0.6,35.70%,±0.5,39.00%,±0.4,39.30%,±0.6,38.70%,±0.4,25.20%,±0.3,25.50%,±0.4,24.90%,±0.3,31.80%,±0.4,32.00%,±0.5,31.60%,±0.5,19.50%,±0.5,18.30%,±0.6,20.60%,±0.6,25.60%,±0.4,25.40%,±0.5,25.70%,±0.4,28.80%,±1.0,28.30%,±1.2,29.30%,±1.2,28.60%,±0.6,28.60%,±0.7,28.70%,±0.7,21.70%,±0.6,22.50%,±0.7,20.90%,±0.8,32.80%,±0.8,32.50%,±1.0,33.00%,±1.0,35.40%,±0.3,36.20%,±0.4,34.60%,±0.4,25.00%,±0.7,25.20%,±0.9,24.80%,±0.8,32.50%,±0.2,32.30%,±0.3,32.70%,±0.3,26.50%,±0.3,26.30%,±0.4,26.60%,±0.4,27.60%,±1.0,26.00%,±1.3,29.20%,±1.2,24.60%,±0.2,25.20%,±0.3,24.10%,±0.3,22.90%,±0.4,23.20%,±0.5,22.60%,±0.6,28.80%,±0.4,29.20%,±0.6,28.30%,±0.5,27.10%,±0.3,27.70%,±0.4,26.50%,±0.3,30.20%,±0.9,30.60%,±1.2,29.90%,±1.0,24.50%,±0.4,24.40%,±0.5,24.60%,±0.5,26.30%,±0.9,26.10%,±1.2,26.40%,±1.1,23.10%,±0.4,23.40%,±0.5,22.80%,±0.4,25.90%,±0.2,26.50%,±0.3,25.40%,±0.3,29.30%,±0.5,32.40%,±0.8,26.40%,±0.6,33.60%,±1.0,32.00%,±1.4,35.10%,±1.2,34.20%,±0.3,34.70%,±0.5,33.80%,±0.4,31.10%,±0.4,31.70%,±0.4,30.40%,±0.5,17.50%,±0.5,17.30%,±0.7,17.80%,±0.7,26.30%,±0.3,26.00%,±0.4,26.70%,±0.3,24.10%,±1.3,24.00%,±1.6,24.30%,±1.8,22.30%,±0.4,18.50%,±0.5,25.50%,±0.5
Population 25 to 34 years,"601,653","±5,700","293,626","±3,758","308,027","±3,791","103,690","±2,025","55,477","±1,579","48,213","±1,149","859,440","±3,578","437,715","±2,640","421,725","±2,205","368,047","±5,424","186,098","±3,698","181,949","±3,334","5,323,453","±6,856","2,716,552","±5,126","2,606,901","±4,078","728,299","±3,292","376,089","±2,753","352,210","±2,720","421,750","±2,319","209,907","±1,568","211,843","±1,529","110,516","±1,431","54,464","±1,083","56,052",±875,"126,322",±555,"60,153",±555,"66,169",±4,"2,270,950","±7,740","1,142,525","±5,156","1,128,425","±4,935","1,322,903","±8,625","647,052","±5,806","675,851","±5,088","180,950","±1,909","93,506","±1,283","87,444","±1,299","209,440","±2,979","105,154","±2,207","104,286","±1,970","1,774,676","±5,318","887,293","±3,773","887,383","±3,607","828,516","±5,103","417,683","±3,588","410,833","±2,938","383,022","±3,600","194,837","±2,313","188,185","±2,358","372,496","±4,462","189,875","±2,761","182,621","±2,741","563,583","±4,295","281,869","±3,143","281,714","±3,036","622,584","±4,996","309,552","±3,429","313,032","±3,684","144,557","±1,616","70,827","±1,213","73,730","±1,078","767,284","±3,820","375,361","±2,519","391,923","±2,377","844,548","±2,675","417,077","±1,855","427,471","±1,816","1,161,947","±4,323","579,349","±3,100","582,598","±2,846","718,057","±4,165","364,652","±2,841","353,405","±2,702","375,964","±6,231","183,403","±4,772","192,561","±3,734","775,040","±4,250","384,249","±3,239","390,791","±2,656","121,182","±2,144","63,338","±1,575","57,844","±1,279","241,827","±3,367","122,248","±2,155","119,579","±2,012","386,326","±2,534","199,190","±1,916","187,136","±1,558","143,669","±2,170","70,959","±1,508","72,710","±1,499","1,109,449","±2,899","553,768","±2,247","555,681","±1,796","263,857","±4,440","135,491","±2,911","128,366","±2,849","2,659,287","±5,833","1,310,232","±3,982","1,349,055","±3,216","1,243,403","±8,991","612,369","±6,568","631,034","±5,545","88,894","±1,388","47,319","±1,055","41,575",±881,"1,419,211","±4,717","707,250","±3,341","711,961","±2,817","506,655","±5,211","257,503","±2,968","249,152","±3,379","524,977","±4,316","263,579","±2,671","261,398","±2,690","1,511,925","±5,014","758,563","±3,490","753,362","±3,337","126,617","±1,497","62,436",±896,"64,181","±1,146","587,427","±6,172","291,900","±4,377","295,527","±3,655","103,800","±2,295","54,597","±1,524","49,203","±1,387","814,655","±4,687","402,366","±3,521","412,289","±3,050","3,607,541","±9,923","1,810,740","±7,161","1,796,801","±6,493","449,176","±2,414","229,820","±1,771","219,356","±1,734","69,728","±1,260","34,354",±658,"35,374",±897,"1,084,897","±9,528","540,027","±7,355","544,870","±5,118","936,043","±4,613","477,273","±3,758","458,770","±3,072","217,955","±3,380","110,224","±2,383","107,731","±2,015","717,027","±3,675","364,626","±2,933","352,401","±2,141","76,868","±2,527","38,687","±1,339","38,181","±1,863","482,756","±2,535","231,821","±1,944","250,935","±1,320"
High school graduate or higher,83.20%,±0.9,81.00%,±1.3,85.30%,±1.3,91.80%,±1.3,90.60%,±2.0,93.20%,±1.5,85.10%,±0.8,83.60%,±1.1,86.60%,±1.1,86.50%,±1.0,84.30%,±1.5,88.80%,±1.4,82.90%,±0.3,80.70%,±0.5,85.20%,±0.4,88.70%,±0.7,87.00%,±0.9,90.40%,±0.9,89.50%,±1.1,87.00%,±1.4,91.90%,±1.3,85.50%,±2.1,81.20%,±2.7,89.70%,±2.1,92.70%,±1.3,91.30%,±1.6,94.00%,±1.6,86.00%,±0.5,82.70%,±0.7,89.30%,±0.6,84.10%,±0.6,81.00%,±0.9,87.10%,±0.8,94.70%,±0.9,94.90%,±1.2,94.40%,±1.2,89.70%,±1.2,88.10%,±1.8,91.30%,±1.4,88.60%,±0.4,86.50%,±0.6,90.80%,±0.5,87.50%,±0.6,85.70%,±0.9,89.30%,±0.7,91.90%,±0.8,90.20%,±1.1,93.70%,±0.9,89.80%,±0.9,87.80%,±1.2,92.00%,±1.0,88.00%,±0.9,86.00%,±1.3,89.90%,±1.0,84.40%,±0.9,82.40%,±1.2,86.30%,±1.2,93.20%,±1.2,90.20%,±2.0,96.20%,±1.4,88.10%,±0.6,85.60%,±1.1,90.50%,±0.7,92.00%,±0.6,90.70%,±0.8,93.20%,±0.8,89.90%,±0.5,88.30%,±0.7,91.60%,±0.6,92.90%,±0.5,91.80%,±0.7,94.00%,±0.6,82.90%,±1.3,79.10%,±1.7,86.60%,±1.5,89.10%,±0.7,87.60%,±0.9,90.60%,±0.8,92.00%,±1.5,90.90%,±1.9,93.20%,±1.9,91.00%,±1.0,89.70%,±1.2,92.20%,±1.4,83.00%,±1.1,82.30%,±1.5,83.70%,±1.6,94.00%,±0.9,93.20%,±1.3,94.70%,±1.4,90.70%,±0.5,88.60%,±0.7,92.70%,±0.6,83.30%,±1.4,81.30%,±2.0,85.50%,±1.8,88.10%,±0.4,86.80%,±0.5,89.30%,±0.5,85.70%,±0.6,83.00%,±0.9,88.30%,±0.6,95.80%,±0.9,95.10%,±1.2,96.60%,±1.2,90.20%,±0.4,88.50%,±0.6,91.90%,±0.5,87.10%,±0.9,86.10%,±1.2,88.00%,±1.1,87.60%,±0.8,86.30%,±1.2,89.00%,±1.1,91.30%,±0.4,90.00%,±0.6,92.60%,±0.5,86.40%,±1.9,83.30%,±2.3,89.40%,±2.3,86.00%,±0.8,82.70%,±1.2,89.20%,±1.1,92.60%,±1.4,90.80%,±2.2,94.50%,±1.3,88.30%,±0.8,85.60%,±1.0,90.90%,±0.8,82.60%,±0.4,80.50%,±0.6,84.80%,±0.5,91.30%,±0.8,90.40%,±1.1,92.30%,±0.9,93.50%,±1.6,91.30%,±2.3,95.70%,±1.9,89.40%,±0.7,87.30%,±0.8,91.40%,±0.7,89.20%,±0.6,87.10%,±0.9,91.30%,±0.7,89.80%,±0.9,89.10%,±1.4,90.50%,±1.4,91.30%,±0.6,89.80%,±0.8,92.80%,±0.8,94.30%,±1.5,93.60%,±2.3,95.00%,±2.2,83.70%,±0.9,80.00%,±1.3,87.20%,±1.2
Bachelor's degree or higher,24.80%,±1.1,21.60%,±1.4,28.00%,±1.2,24.50%,±2.2,20.10%,±2.9,29.40%,±3.3,23.70%,±1.0,21.30%,±1.4,26.30%,±1.3,22.50%,±1.4,19.70%,±1.5,25.50%,±1.8,30.70%,±0.4,26.90%,±0.5,34.70%,±0.5,36.10%,±1.0,31.60%,±1.4,40.90%,±1.4,39.50%,±1.3,36.10%,±1.5,42.90%,±1.8,31.00%,±2.7,25.30%,±3.2,36.50%,±3.5,65.60%,±2.1,61.40%,±3.3,69.40%,±2.9,25.60%,±0.5,21.60%,±0.7,29.50%,±0.8,27.90%,±0.7,23.60%,±0.9,31.90%,±1.0,28.40%,±1.9,23.60%,±2.5,33.40%,±2.5,22.60%,±1.6,20.20%,±2.1,25.00%,±2.4,37.00%,±0.5,32.10%,±0.7,41.80%,±0.8,26.90%,±0.8,23.80%,±1.0,30.10%,±1.1,31.40%,±1.5,27.50%,±1.6,35.50%,±2.0,32.80%,±1.3,29.10%,±1.7,36.70%,±1.5,24.70%,±0.9,20.70%,±1.2,28.70%,±1.2,24.70%,±1.0,20.80%,±1.1,28.60%,±1.3,28.40%,±1.7,22.30%,±2.2,34.40%,±2.3,37.70%,±1.0,33.20%,±1.1,42.10%,±1.5,48.00%,±0.9,43.20%,±1.2,52.60%,±1.2,28.30%,±0.7,25.10%,±0.9,31.60%,±0.9,37.50%,±0.9,33.00%,±1.0,42.10%,±1.2,20.30%,±1.3,16.40%,±1.6,24.10%,±1.8,30.70%,±0.8,26.10%,±1.0,35.10%,±1.0,30.90%,±2.5,26.40%,±3.0,35.70%,±2.9,33.20%,±1.3,29.10%,±1.7,37.30%,±1.8,21.00%,±1.2,18.60%,±1.6,23.50%,±1.8,35.70%,±2.6,30.00%,±3.3,41.30%,±3.1,41.20%,±0.8,36.50%,±1.0,45.80%,±1.0,19.60%,±1.6,17.30%,±1.9,22.00%,±2.2,41.30%,±0.5,36.50%,±0.7,46.00%,±0.7,28.70%,±0.7,24.30%,±1.0,33.00%,±0.9,35.50%,±2.6,29.60%,±3.1,42.20%,±3.5,29.30%,±0.7,26.90%,±0.8,31.70%,±0.8,23.30%,±1.0,21.20%,±1.3,25.40%,±1.2,29.50%,±1.2,25.60%,±1.3,33.40%,±1.7,34.50%,±0.8,30.10%,±0.9,39.00%,±1.0,35.60%,±2.6,32.80%,±3.3,38.40%,±3.3,27.10%,±1.0,22.60%,±1.4,31.50%,±1.2,29.80%,±2.1,26.90%,±2.6,33.10%,±3.2,26.70%,±0.8,22.40%,±1.0,30.80%,±1.1,26.00%,±0.4,22.70%,±0.5,29.30%,±0.6,28.50%,±1.0,27.70%,±1.4,29.40%,±1.4,34.30%,±2.9,28.10%,±4.0,40.30%,±3.9,37.50%,±0.8,33.00%,±1.0,42.00%,±1.1,30.70%,±0.9,27.40%,±1.1,34.20%,±1.2,22.80%,±1.5,19.50%,±1.8,26.10%,±2.2,29.70%,±0.8,24.60%,±1.2,34.90%,±0.9,25.00%,±3.0,22.60%,±3.4,27.50%,±4.0,27.20%,±1.1,21.10%,±1.5,32.80%,±1.5
Population 35 to 44 years,"621,094","±5,136","305,556","±3,838","315,538","±2,931","93,460","±1,838","49,162","±1,307","44,298","±1,095","823,770","±3,787","417,439","±2,582","406,331","±1,998","371,843","±4,425","184,637","±3,027","187,206","±2,743","5,191,065","±6,088","2,609,257","±4,583","2,581,808","±3,355","703,506","±4,009","357,990","±2,840","345,516","±2,394","484,117","±2,143","236,830","±1,674","247,287","±1,194","116,236","±1,546","55,984","±1,111","60,252","±1,067","81,404",±627,"40,502",±345,"40,902",±555,"2,437,991","±7,313","1,207,094","±4,670","1,230,897","±5,024","1,406,883","±7,752","690,862","±4,501","716,021","±5,357","176,314","±1,553","89,919","±1,111","86,395",±904,"193,371","±2,373","98,059","±1,622","95,312","±1,634","1,727,424","±4,362","859,358","±3,407","868,066","±2,963","839,031","±3,780","418,251","±2,627","420,780","±2,314","366,296","±2,891","185,358","±1,811","180,938","±1,994","348,844","±3,089","175,271","±2,076","173,573","±2,169","578,077","±3,451","291,433","±2,371","286,644","±2,263","573,691","±5,528","284,877","±4,089","288,814","±3,410","171,819","±1,757","84,661","±1,131","87,158","±1,160","794,620","±3,703","383,059","±2,778","411,561","±2,052","888,333","±3,269","432,485","±2,075","455,848","±2,097","1,277,405","±3,829","634,608","±2,712","642,797","±2,188","679,897","±3,144","341,231","±2,530","338,666","±1,780","384,801","±4,892","190,050","±4,068","194,751","±2,646","748,075","±3,566","369,377","±3,008","378,698","±2,316","113,805","±1,916","57,996","±1,376","55,809","±1,141","222,830","±2,675","112,426","±1,869","110,404","±1,698","384,597","±1,997","196,908","±1,720","187,689","±1,192","179,134","±1,528","88,430",±990,"90,704","±1,133","1,236,842","±3,589","606,656","±2,814","630,186","±1,603","252,488","±3,507","124,982","±2,659","127,506","±2,279","2,608,602","±4,628","1,277,239","±3,300","1,331,363","±3,169","1,339,385","±7,480","660,431","±5,380","678,954","±4,266","76,567","±1,210","39,637",±871,"36,930",±750,"1,472,448","±4,241","729,009","±2,839","743,439","±2,717","465,265","±3,636","234,977","±2,412","230,288","±2,642","497,859","±3,489","252,868","±2,805","244,991","±2,223","1,613,956","±4,438","801,752","±3,408","812,204","±2,632","138,010","±1,448","67,218",±894,"70,792","±1,094","604,903","±4,798","297,157","±3,379","307,746","±3,253","95,771","±1,954","48,551","±1,414","47,220","±1,166","859,877","±5,145","425,644","±3,507","434,233","±3,639","3,479,592","±8,525","1,736,270","±5,999","1,743,322","±5,164","332,449","±2,234","169,260","±1,658","163,189","±1,454","77,686",±890,"38,317",±549,"39,369",±576,"1,120,016","±5,624","554,138","±4,585","565,878","±3,569","911,095","±4,135","461,927","±2,786","449,168","±2,324","239,097","±2,065","119,986","±1,747","119,111","±1,434","724,623","±3,598","364,911","±2,513","359,712","±1,990","66,064","±2,045","34,598","±1,336","31,466","±1,048","487,539","±2,323","234,342","±1,708","253,197","±1,250"
High school graduate or higher,85.40%,±0.8,83.30%,±1.1,87.50%,±1.0,92.20%,±1.6,91.00%,±2.1,93.60%,±2.1,85.00%,±0.7,84.40%,±1.0,85.70%,±0.9,86.20%,±1.0,85.10%,±1.3,87.20%,±1.3,79.70%,±0.3,78.30%,±0.5,81.10%,±0.4,89.40%,±0.7,88.10%,±1.0,90.70%,±0.7,91.40%,±0.9,90.30%,±1.3,92.60%,±1.0,90.00%,±1.7,89.00%,±2.2,90.90%,±2.1,91.00%,±1.6,90.50%,±2.2,91.40%,±2.3,87.80%,±0.4,85.40%,±0.6,90.00%,±0.5,87.90%,±0.5,85.60%,±0.8,90.10%,±0.6,93.80%,±1.1,93.50%,±1.4,94.00%,±1.3,89.30%,±1.3,88.70%,±1.7,90.00%,±1.8,88.90%,±0.4,87.60%,±0.6,90.10%,±0.5,89.50%,±0.6,88.90%,±0.8,90.10%,±0.7,92.30%,±0.6,91.90%,±0.8,92.80%,±0.9,89.70%,±0.9,89.10%,±1.2,90.40%,±1.1,87.30%,±0.7,85.60%,±1.1,89.00%,±1.0,85.10%,±0.9,82.70%,±1.4,87.40%,±1.1,93.80%,±1.2,92.50%,±1.6,95.00%,±1.5,90.50%,±0.5,88.40%,±0.9,92.50%,±0.7,92.20%,±0.6,91.70%,±0.7,92.70%,±0.7,91.50%,±0.4,90.50%,±0.6,92.50%,±0.5,93.30%,±0.5,92.30%,±0.7,94.40%,±0.6,85.90%,±1.1,82.50%,±1.5,89.20%,±1.4,89.80%,±0.6,88.90%,±0.9,90.80%,±0.8,94.30%,±1.2,93.40%,±1.6,95.30%,±1.6,89.70%,±1.1,88.70%,±1.4,90.70%,±1.5,85.10%,±1.0,84.20%,±1.3,86.00%,±1.3,93.70%,±1.1,91.90%,±1.5,95.40%,±1.2,90.60%,±0.5,89.40%,±0.7,91.90%,±0.6,84.20%,±1.4,82.60%,±2.1,85.80%,±2.0,87.00%,±0.3,85.40%,±0.5,88.40%,±0.4,88.00%,±0.6,85.10%,±0.7,90.90%,±0.7,95.50%,±1.1,96.20%,±1.2,94.90%,±1.6,91.50%,±0.5,90.20%,±0.7,92.80%,±0.5,88.10%,±0.8,86.50%,±1.1,89.80%,±0.9,88.40%,±0.8,87.10%,±1.1,89.80%,±1.0,92.10%,±0.3,90.80%,±0.5,93.30%,±0.4,88.00%,±2.0,86.50%,±2.8,89.40%,±2.1,88.10%,±0.8,85.60%,±1.3,90.60%,±0.9,92.60%,±1.6,91.90%,±2.3,93.30%,±2.4,88.20%,±0.7,86.30%,±1.0,90.10%,±0.9,81.40%,±0.3,80.20%,±0.5,82.60%,±0.5,90.10%,±0.9,89.30%,±1.3,90.90%,±1.2,95.00%,±1.3,94.20%,±2.0,95.90%,±1.5,89.50%,±0.5,87.30%,±0.7,91.60%,±0.6,89.70%,±0.6,87.80%,±0.9,91.70%,±0.6,89.00%,±1.2,87.50%,±1.8,90.50%,±1.4,92.10%,±0.5,91.00%,±0.7,93.20%,±0.6,95.00%,±1.1,95.20%,±1.5,94.70%,±2.1,82.60%,±1.1,78.20%,±1.6,86.70%,±1.2
Bachelor's degree or higher,23.10%,±0.8,20.30%,±1.1,25.90%,±1.0,30.70%,±3.1,29.40%,±3.7,32.00%,±3.4,26.80%,±0.8,25.50%,±1.1,28.20%,±1.2,21.00%,±1.1,20.20%,±1.6,21.70%,±1.4,31.60%,±0.3,29.90%,±0.4,33.30%,±0.4,39.40%,±1.0,37.50%,±1.1,41.40%,±1.3,39.60%,±1.1,36.80%,±1.6,42.40%,±1.5,30.60%,±2.0,27.90%,±2.4,33.10%,±2.6,54.60%,±2.7,56.50%,±3.9,52.60%,±3.3,27.60%,±0.6,25.30%,±0.8,29.90%,±0.6,31.30%,±0.6,28.90%,±0.8,33.60%,±0.9,32.80%,±1.8,31.40%,±2.0,34.30%,±2.7,28.30%,±1.5,28.50%,±2.1,28.00%,±2.2,34.70%,±0.5,33.00%,±0.9,36.50%,±0.7,25.70%,±0.8,23.80%,±0.9,27.50%,±1.0,29.90%,±1.1,27.30%,±1.4,32.50%,±1.5,35.90%,±1.4,34.00%,±1.8,37.70%,±1.5,23.90%,±1.0,21.90%,±1.3,25.80%,±1.4,22.40%,±0.9,19.30%,±1.2,25.40%,±1.3,28.10%,±1.8,24.50%,±2.3,31.60%,±2.2,39.20%,±0.9,36.60%,±1.3,41.70%,±1.1,44.80%,±0.9,42.80%,±1.2,46.70%,±1.1,29.30%,±0.7,27.20%,±0.8,31.30%,±0.9,38.20%,±0.8,36.80%,±1.1,39.70%,±1.0,21.50%,±1.2,17.60%,±1.4,25.30%,±1.6,30.00%,±0.8,26.40%,±1.0,33.50%,±1.1,32.50%,±2.5,29.00%,±3.3,36.10%,±3.1,34.80%,±1.6,32.80%,±2.0,36.80%,±1.9,21.50%,±1.2,20.70%,±1.4,22.30%,±1.5,36.50%,±2.1,33.40%,±2.6,39.50%,±2.7,40.00%,±0.7,37.50%,±1.1,42.40%,±0.9,24.70%,±1.3,23.00%,±1.8,26.40%,±1.8,35.50%,±0.5,32.70%,±0.7,38.10%,±0.6,29.60%,±0.7,27.00%,±0.9,32.10%,±0.9,35.80%,±2.6,31.20%,±3.2,40.60%,±3.9,29.20%,±0.6,27.20%,±0.8,31.10%,±0.7,24.80%,±1.0,22.30%,±1.3,27.40%,±1.2,32.20%,±1.0,30.70%,±1.6,33.70%,±1.3,32.20%,±0.7,29.70%,±0.8,34.60%,±0.9,34.70%,±2.1,30.20%,±3.1,38.90%,±2.3,25.30%,±1.0,22.20%,±1.1,28.20%,±1.4,30.80%,±2.6,27.30%,±3.4,34.30%,±3.4,26.10%,±0.7,23.80%,±1.0,28.40%,±1.0,27.40%,±0.5,26.20%,±0.6,28.60%,±0.6,31.50%,±1.2,33.80%,±1.5,29.30%,±1.7,35.00%,±2.4,34.30%,±3.2,35.70%,±3.0,38.80%,±0.7,37.00%,±0.9,40.60%,±1.0,34.40%,±0.8,32.40%,±1.0,36.40%,±1.2,20.20%,±1.4,17.70%,±1.7,22.70%,±2.0,31.40%,±0.7,29.30%,±1.0,33.50%,±1.0,25.10%,±2.7,21.10%,±3.4,29.40%,±4.2,28.70%,±1.1,21.00%,±1.4,35.70%,±1.5
Population 45 to 64 years,"1,280,800","±4,770","618,244","±3,700","662,556","±2,643","200,088","±2,227","104,095","±1,535","95,993","±1,479","1,576,753","±3,672","764,748","±2,493","812,005","±2,623","759,457","±3,579","368,881","±2,839","390,576","±2,470","9,313,187","±6,595","4,568,022","±4,890","4,745,165","±4,052","1,344,602","±4,252","665,924","±2,946","678,678","±2,425","1,020,363","±2,027","494,557","±1,268","525,806","±1,473","244,557","±1,622","116,768","±1,155","127,789","±1,149","139,671",±673,"67,378",±437,"72,293",±555,"5,095,039","±6,690","2,452,278","±4,638","2,642,761","±4,405","2,471,939","±7,180","1,189,142","±5,232","1,282,797","±4,913","371,538","±1,610","184,147","±1,072","187,391","±1,097","388,177","±2,650","193,899","±1,861","194,278","±1,836","3,348,840","±4,602","1,632,894","±3,143","1,715,946","±2,885","1,719,260","±4,052","844,852","±3,185","874,408","±2,617","816,644","±2,593","407,192","±1,886","409,452","±1,803","740,306","±3,698","366,523","±2,378","373,783","±2,860","1,182,127","±3,470","575,039","±2,370","607,088","±2,251","1,190,043","±4,834","577,399","±3,448","612,644","±3,090","409,796","±1,560","200,421","±1,122","209,375",±891,"1,601,318","±3,559","764,404","±2,888","836,914","±1,906","1,819,901","±2,945","879,323","±2,198","940,578","±1,678","2,764,944","±4,778","1,352,237","±3,276","1,412,707","±2,505","1,443,448","±2,975","719,175","±2,056","724,273","±1,970","760,885","±5,227","364,465","±3,640","396,420","±2,747","1,618,849","±4,280","790,920","±3,335","827,929","±2,344","290,471","±1,752","144,230","±1,409","146,241","±1,368","471,829","±2,788","235,069","±1,722","236,760","±1,971","691,474","±1,775","345,858","±1,379","345,616","±1,371","405,303","±2,304","200,971","±1,662","204,332","±1,207","2,433,583","±2,657","1,174,648","±2,166","1,258,935","±1,568","549,597","±3,907","266,148","±2,753","283,449","±2,229","5,197,911","±4,898","2,496,231","±3,498","2,701,680","±3,206","2,503,114","±7,010","1,200,274","±5,332","1,302,840","±4,478","179,410","±1,036","90,880",±768,"88,530",±838,"3,203,412","±4,976","1,564,735","±3,302","1,638,677","±3,447","967,504","±3,481","472,637","±2,717","494,867","±2,499","1,057,157","±3,590","518,419","±2,426","538,738","±2,387","3,563,443","±5,048","1,741,359","±3,882","1,822,084","±3,108","293,169","±1,824","141,221","±1,175","151,948","±1,184","1,247,097","±5,031","596,402","±3,426","650,695","±3,091","214,901","±1,705","107,689","±1,408","107,212","±1,079","1,707,937","±5,096","823,710","±3,254","884,227","±3,444","6,066,046","±8,506","2,978,501","±5,923","3,087,545","±4,862","552,399","±2,378","274,385","±1,822","278,014","±1,479","192,397",±922,"94,271",±544,"98,126",±701,"2,176,113","±6,155","1,055,439","±4,286","1,120,674","±3,980","1,828,141","±4,696","901,049","±3,111","927,092","±3,156","539,089","±2,480","266,171","±2,042","272,918","±1,540","1,579,135","±3,824","789,159","±2,730","789,976","±2,220","157,833","±1,731","81,015","±1,354","76,818",±955,"928,917","±1,226","428,423",±729,"500,494",±869
High school graduate or higher,85.10%,±0.6,83.20%,±0.8,86.80%,±0.7,92.30%,±1.0,92.10%,±1.4,92.50%,±1.3,87.30%,±0.6,86.80%,±0.7,87.90%,±0.7,85.40%,±0.8,84.00%,±1.1,86.70%,±0.9,81.90%,±0.2,81.70%,±0.3,82.10%,±0.3,92.00%,±0.4,91.50%,±0.5,92.50%,±0.6,91.20%,±0.6,90.40%,±0.7,92.00%,±0.6,91.30%,±1.0,90.50%,±1.4,92.00%,±1.3,85.90%,±1.8,84.90%,±3.0,86.90%,±1.8,87.50%,±0.3,86.20%,±0.4,88.70%,±0.3,86.60%,±0.4,85.20%,±0.6,87.90%,±0.5,91.20%,±0.8,91.00%,±1.0,91.30%,±1.1,89.20%,±0.9,88.20%,±1.2,90.20%,±1.1,88.80%,±0.3,88.20%,±0.4,89.30%,±0.4,89.50%,±0.4,88.40%,±0.5,90.50%,±0.5,92.90%,±0.4,92.20%,±0.6,93.60%,±0.5,91.20%,±0.5,90.20%,±0.8,92.10%,±0.6,83.60%,±0.6,81.70%,±0.8,85.40%,±0.7,83.70%,±0.7,81.20%,±1.0,86.10%,±0.7,93.30%,±0.5,91.80%,±0.8,94.80%,±0.6,90.60%,±0.4,89.50%,±0.6,91.50%,±0.5,90.90%,±0.4,90.20%,±0.5,91.60%,±0.5,91.30%,±0.3,90.20%,±0.4,92.40%,±0.3,94.40%,±0.3,93.90%,±0.4,94.90%,±0.4,83.30%,±0.7,80.50%,±1.0,85.90%,±0.9,89.20%,±0.4,88.50%,±0.6,90.00%,±0.5,94.00%,±0.6,93.30%,±1.0,94.70%,±0.8,93.60%,±0.6,92.70%,±0.8,94.40%,±0.7,86.50%,±0.7,86.40%,±0.9,86.60%,±0.9,93.20%,±0.7,92.40%,±1.0,94.00%,±0.8,90.50%,±0.3,90.00%,±0.4,90.90%,±0.4,86.10%,±0.7,85.00%,±1.0,87.20%,±1.0,86.70%,±0.3,86.10%,±0.4,87.40%,±0.3,87.40%,±0.4,85.20%,±0.6,89.50%,±0.5,94.00%,±0.7,92.70%,±0.9,95.40%,±0.9,90.50%,±0.3,89.60%,±0.5,91.30%,±0.3,88.80%,±0.6,88.10%,±0.7,89.50%,±0.7,90.80%,±0.5,90.10%,±0.7,91.50%,±0.7,91.20%,±0.2,90.60%,±0.3,91.60%,±0.3,86.50%,±1.2,84.80%,±1.6,88.10%,±1.5,86.40%,±0.5,84.80%,±0.8,87.90%,±0.6,92.20%,±0.9,91.10%,±1.2,93.30%,±1.3,85.60%,±0.5,83.50%,±0.7,87.50%,±0.6,82.30%,±0.2,81.50%,±0.3,83.20%,±0.3,91.70%,±0.6,91.30%,±0.8,92.10%,±0.9,92.90%,±0.8,90.50%,±1.3,95.20%,±0.9,88.20%,±0.4,86.40%,±0.6,89.90%,±0.5,91.90%,±0.3,91.80%,±0.4,92.10%,±0.4,85.50%,±0.8,83.30%,±1.1,87.80%,±1.0,92.80%,±0.3,92.30%,±0.4,93.40%,±0.4,93.90%,±0.9,92.90%,±1.4,95.00%,±1.1,71.10%,±0.7,67.70%,±1.0,74.00%,±0.8
Bachelor's degree or higher,22.60%,±0.6,23.00%,±0.7,22.30%,±0.7,29.40%,±1.7,27.60%,±2.3,31.30%,±2.1,27.40%,±0.7,28.80%,±0.9,26.00%,±0.7,19.60%,±0.7,19.80%,±0.9,19.50%,±0.9,30.60%,±0.3,31.80%,±0.3,29.40%,±0.3,37.50%,±0.7,38.20%,±0.9,36.80%,±0.8,36.90%,±0.9,38.20%,±1.1,35.70%,±1.0,28.10%,±1.5,29.40%,±2.1,27.00%,±1.9,41.00%,±1.7,42.40%,±2.6,39.70%,±2.2,26.80%,±0.3,27.90%,±0.4,25.70%,±0.4,27.80%,±0.4,28.60%,±0.6,27.10%,±0.5,31.60%,±1.4,31.90%,±1.8,31.30%,±1.6,25.80%,±1.1,26.90%,±1.5,24.70%,±1.4,30.50%,±0.4,31.10%,±0.5,30.00%,±0.5,23.10%,±0.4,23.90%,±0.6,22.30%,±0.6,25.10%,±0.8,24.70%,±1.0,25.40%,±1.0,30.00%,±0.8,29.70%,±1.0,30.30%,±1.1,20.30%,±0.7,20.10%,±0.8,20.40%,±0.8,21.20%,±0.6,20.40%,±0.8,22.00%,±0.7,28.50%,±1.1,27.50%,±1.6,29.50%,±1.4,37.20%,±0.7,38.00%,±0.8,36.50%,±0.8,38.60%,±0.6,38.60%,±0.8,38.60%,±0.7,25.40%,±0.4,25.80%,±0.5,24.90%,±0.4,31.00%,±0.6,31.40%,±0.8,30.60%,±0.7,19.60%,±0.7,18.40%,±1.1,20.60%,±0.9,25.80%,±0.6,26.30%,±0.7,25.40%,±0.7,30.60%,±1.3,30.00%,±1.6,31.10%,±1.6,29.10%,±0.9,29.70%,±1.1,28.50%,±1.3,23.00%,±0.9,24.50%,±1.1,21.50%,±1.1,33.70%,±1.2,33.60%,±1.3,33.80%,±1.5,36.40%,±0.5,38.00%,±0.6,35.00%,±0.7,27.90%,±1.1,28.10%,±1.4,27.70%,±1.3,31.40%,±0.3,31.70%,±0.4,31.20%,±0.4,26.90%,±0.5,27.20%,±0.6,26.60%,±0.7,26.90%,±1.3,25.50%,±1.6,28.30%,±1.7,24.40%,±0.4,25.10%,±0.5,23.80%,±0.5,24.20%,±0.7,24.30%,±0.8,24.00%,±1.0,29.10%,±0.7,29.80%,±0.9,28.40%,±0.8,27.20%,±0.4,28.20%,±0.5,26.30%,±0.5,30.70%,±1.3,31.20%,±1.7,30.20%,±1.7,24.90%,±0.6,25.20%,±0.7,24.60%,±0.7,27.50%,±1.5,28.00%,±2.0,27.00%,±1.7,23.30%,±0.5,24.70%,±0.7,22.10%,±0.6,27.00%,±0.3,28.40%,±0.5,25.80%,±0.3,30.30%,±0.9,34.10%,±1.3,26.50%,±1.1,34.90%,±1.6,31.50%,±1.9,38.10%,±2.1,34.70%,±0.6,35.60%,±0.7,33.80%,±0.7,31.80%,±0.6,33.10%,±0.7,30.50%,±0.8,17.50%,±0.8,17.60%,±1.1,17.50%,±1.1,26.20%,±0.5,26.20%,±0.7,26.20%,±0.6,25.10%,±1.8,25.20%,±2.2,25.00%,±2.3,22.60%,±0.6,18.70%,±0.8,25.80%,±0.9
Population 65 years and over,"657,974","±2,421","278,873","±1,920","379,101","±1,677","53,339","±1,054","25,530",±734,"27,809",±625,"886,795","±1,887","403,984","±1,152","482,811","±1,284","420,075","±2,295","183,461","±1,711","236,614","±1,361","4,269,495","±3,423","1,856,430","±2,281","2,413,065","±2,407","551,638","±1,996","245,132","±1,235","306,506","±1,328","508,153","±1,218","213,434",±916,"294,719",±753,"129,470",±696,"56,707",±458,"72,763",±451,"69,427",±651,"27,668",±217,"41,759",±588,"3,273,199","±3,561","1,457,765","±2,597","1,815,434","±2,666","1,033,898","±4,042","437,124","±2,662","596,774","±2,417","198,126",±880,"87,881",±714,"110,245",±482,"196,841","±1,559","90,640",±882,"106,201","±1,010","1,614,822","±2,420","678,973","±1,655","935,849","±1,560","842,991","±1,978","358,426","±1,325","484,565","±1,558","452,823","±1,426","193,048",±921,"259,775",±997,"379,035","±1,886","163,474","±1,502","215,561","±1,130","579,521","±2,147","248,750","±1,452","330,771","±1,417","559,589","±2,415","238,072","±1,575","321,517","±1,648","210,842",±724,"92,586",±461,"118,256",±449,"710,252","±1,906","300,888","±1,147","409,364","±1,614","906,116","±1,536","378,335","±1,150","527,781",±999,"1,365,505","±2,316","590,052","±1,442","775,453","±1,535","686,694","±1,800","299,529","±1,171","387,165","±1,303","382,756","±1,801","160,465","±1,402","222,291","±1,174","842,885","±2,216","362,211","±1,317","480,674","±1,540","147,494",±912,"68,130",±685,"79,364",±627,"247,893","±1,687","106,361",±681,"141,532","±1,338","327,133","±1,218","154,630","±1,053","172,503","±1,002","179,649","±1,045","79,616",±653,"100,033",±737,"1,191,030","±1,749","495,412","±1,065","695,618","±1,358","275,387","±1,937","124,367","±1,162","151,020","±1,341","2,624,048","±2,794","1,088,880","±1,744","1,535,168","±1,974","1,239,719","±3,415","525,146","±2,207","714,573","±2,071","98,075",±727,"42,757",±444,"55,318",±536,"1,625,778","±3,099","686,924","±1,859","938,854","±2,129","509,789","±1,835","222,231","±1,464","287,558","±1,446","534,893","±1,848","237,365","±1,282","297,528","±1,451","1,965,505","±2,878","824,507","±1,864","1,140,998","±1,750","152,183",±900,"62,652",±556,"89,531",±651,"634,930","±1,692","273,959","±1,277","360,971","±1,125","117,907","±1,232","51,802",±671,"66,105",±812,"859,922","±2,808","368,000","±1,933","491,922","±2,001","2,618,943","±4,493","1,142,219","±3,034","1,476,724","±3,294","250,800","±1,230","113,608",±887,"137,192",±845,"91,231",±504,"40,380",±336,"50,851",±377,"980,275","±3,553","423,376","±2,130","556,899","±2,360","830,378","±2,070","370,406","±1,497","459,972","±1,574","298,606","±1,351","129,863",±690,"168,743",±989,"779,510","±1,686","339,123","±1,171","440,387","±1,060","70,186",±801,"32,493",±700,"37,693",±699,"545,721",*****,"237,822",*****,"307,899",*****
High school graduate or higher,72.30%,±0.8,74.90%,±1.1,70.40%,±1.0,82.90%,±2.2,85.30%,±2.7,80.70%,±3.2,83.70%,±0.6,84.90%,±0.8,82.80%,±0.8,72.50%,±0.8,72.40%,±1.3,72.60%,±1.0,76.60%,±0.3,79.00%,±0.4,74.70%,±0.4,85.70%,±0.6,86.70%,±0.9,84.80%,±0.8,80.00%,±0.9,80.50%,±1.2,79.60%,±1.3,80.50%,±1.6,80.00%,±2.5,81.00%,±1.8,76.70%,±2.1,75.80%,±2.6,77.30%,±2.9,80.30%,±0.4,81.30%,±0.6,79.50%,±0.5,74.10%,±0.7,76.20%,±1.0,72.50%,±0.9,79.70%,±1.5,84.60%,±2.0,75.80%,±1.7,84.10%,±1.3,85.00%,±1.5,83.30%,±1.7,78.90%,±0.4,79.90%,±0.7,78.10%,±0.5,79.20%,±0.6,79.80%,±0.9,78.70%,±0.8,83.80%,±0.7,82.70%,±1.0,84.60%,±0.9,84.00%,±0.7,85.40%,±1.1,83.00%,±1.1,67.30%,±0.8,67.10%,±1.3,67.40%,±0.9,72.30%,±0.9,73.50%,±1.1,71.30%,±1.1,79.60%,±1.2,78.90%,±1.7,80.20%,±1.7,79.50%,±0.6,80.30%,±1.0,79.00%,±0.8,79.70%,±0.7,80.40%,±0.9,79.20%,±0.8,79.80%,±0.5,79.80%,±0.7,79.80%,±0.5,83.70%,±0.6,83.00%,±0.8,84.30%,±0.8,69.70%,±0.9,71.50%,±1.6,68.40%,±1.3,77.60%,±0.7,78.80%,±0.9,76.70%,±0.8,85.00%,±1.3,84.70%,±1.9,85.30%,±1.7,84.20%,±1.1,83.00%,±1.4,85.20%,±1.4,82.20%,±1.1,84.50%,±1.4,80.10%,±1.3,83.30%,±1.1,83.60%,±1.6,83.00%,±1.5,78.00%,±0.7,78.80%,±1.0,77.40%,±0.7,77.00%,±1.3,77.30%,±1.7,76.80%,±1.6,75.80%,±0.4,77.00%,±0.6,74.90%,±0.5,74.80%,±0.6,74.50%,±0.8,75.10%,±0.8,74.60%,±1.6,71.60%,±2.6,76.80%,±1.7,78.70%,±0.4,79.20%,±0.6,78.30%,±0.5,78.80%,±0.8,79.30%,±1.2,78.30%,±1.1,86.00%,±0.8,85.70%,±1.1,86.30%,±1.1,78.30%,±0.4,79.10%,±0.6,77.80%,±0.5,71.20%,±1.7,73.00%,±2.5,70.10%,±2.0,73.80%,±0.8,75.40%,±1.2,72.50%,±1.0,79.90%,±1.4,77.30%,±1.9,81.90%,±1.9,70.90%,±0.8,72.70%,±1.0,69.50%,±0.9,73.10%,±0.4,74.90%,±0.5,71.70%,±0.6,87.70%,±0.9,88.40%,±1.3,87.00%,±1.1,81.60%,±1.7,79.50%,±2.3,83.30%,±2.2,76.30%,±0.7,76.90%,±0.9,76.00%,±0.9,85.90%,±0.6,86.70%,±0.8,85.30%,±0.7,69.70%,±1.2,68.20%,±1.7,70.80%,±1.5,81.70%,±0.6,80.70%,±0.8,82.40%,±0.8,83.80%,±1.8,83.10%,±2.5,84.40%,±2.5,42.20%,±1.0,44.40%,±1.4,40.50%,±1.3
Bachelor's degree or higher,16.70%,±0.7,22.10%,±1.0,12.80%,±0.8,24.40%,±3.1,28.20%,±3.9,20.90%,±3.8,24.50%,±0.8,31.80%,±1.1,18.40%,±0.9,15.20%,±0.8,19.90%,±1.1,11.50%,±0.8,26.50%,±0.4,33.20%,±0.5,21.20%,±0.4,30.20%,±0.9,38.40%,±1.4,23.60%,±1.0,25.70%,±1.0,32.30%,±1.5,20.90%,±1.0,21.90%,±1.7,27.80%,±2.5,17.40%,±1.9,35.00%,±2.1,44.40%,±2.9,28.80%,±2.9,23.00%,±0.4,29.90%,±0.6,17.50%,±0.4,19.90%,±0.6,26.20%,±1.0,15.30%,±0.6,23.70%,±1.3,28.10%,±2.1,20.30%,±1.5,19.70%,±1.4,25.70%,±1.8,14.50%,±1.9,20.10%,±0.4,25.90%,±0.6,16.00%,±0.5,14.70%,±0.6,19.20%,±1.0,11.50%,±0.6,15.20%,±0.8,19.40%,±1.2,12.20%,±0.8,20.70%,±0.9,26.50%,±1.4,16.30%,±1.0,13.70%,±0.6,17.60%,±1.0,10.80%,±0.8,17.20%,±0.8,21.80%,±1.3,13.80%,±0.9,21.20%,±1.1,25.90%,±1.5,17.60%,±1.4,28.20%,±0.7,36.40%,±1.3,22.10%,±0.8,25.80%,±0.7,32.70%,±1.0,20.80%,±0.8,18.30%,±0.5,23.60%,±0.8,14.40%,±0.5,21.40%,±0.7,27.00%,±1.1,17.00%,±0.7,16.60%,±1.0,21.20%,±1.4,13.30%,±1.0,16.60%,±0.6,21.90%,±0.9,12.60%,±0.7,20.80%,±1.8,25.80%,±2.7,16.60%,±1.8,17.80%,±1.2,20.90%,±1.7,15.40%,±1.6,20.00%,±1.2,25.40%,±1.7,15.10%,±1.4,24.50%,±1.5,30.90%,±1.9,19.50%,±1.7,23.20%,±0.6,30.20%,±0.9,18.10%,±0.7,24.50%,±1.1,29.70%,±1.8,20.30%,±1.2,22.90%,±0.4,28.30%,±0.6,19.20%,±0.5,19.90%,±0.6,25.80%,±0.9,15.50%,±0.6,15.40%,±1.7,17.90%,±2.3,13.40%,±2.2,16.80%,±0.5,21.40%,±0.6,13.40%,±0.5,18.30%,±0.9,24.00%,±1.3,13.90%,±1.0,24.10%,±1.0,30.30%,±1.3,19.20%,±1.1,17.00%,±0.4,22.70%,±0.6,12.80%,±0.5,20.80%,±1.5,27.50%,±2.4,16.10%,±1.6,20.80%,±0.7,27.00%,±1.1,16.10%,±0.8,17.20%,±1.4,20.20%,±2.3,14.80%,±1.5,16.30%,±0.7,21.30%,±0.9,12.50%,±0.8,21.40%,±0.4,28.20%,±0.5,16.10%,±0.4,25.90%,±1.3,35.70%,±2.1,17.80%,±1.5,29.20%,±2.1,34.50%,±2.9,25.00%,±2.5,24.30%,±0.6,31.90%,±0.9,18.60%,±0.8,26.20%,±0.8,33.10%,±1.2,20.60%,±0.9,11.50%,±0.9,14.20%,±1.4,9.50%,±1.0,18.90%,±0.6,23.30%,±0.8,15.50%,±0.7,20.10%,±2.3,25.70%,±3.4,15.20%,±2.7,11.70%,±0.6,13.00%,±0.8,10.70%,±0.7
POVERTY RATE FOR THE POPULATION 25 YEARS AND OVER FOR WHOM POVERTY STATUS IS DETERMINED BY EDUCATIONAL ATTAINMENT LEVEL,,,,,,,,,,,,,,,,,,,,,,,,,,,,,,,,,,,,,,,,,,,,,,,,,,,,,,,,,,,,,,,,,,,,,,,,,,,,,,,,,,,,,,,,,,,,,,,,,,,,,,,,,,,,,,,,,,,,,,,,,,,,,,,,,,,,,,,,,,,,,,,,,,,,,,,,,,,,,,,,,,,,,,,,,,,,,,,,,,,,,,,,,,,,,,,,,,,,,,,,,,,,,,,,,,,,,,,,,,,,,,,,,,,,,,,,,,,,,,,,,,,,,,,,,,,,,,,,,,,,,,,,,,,,,,,,,,,,,,,,,,,,,,,,,,,,,,,,,,,,,,,,,,,,,,,,
    Less than high school graduate,30.00%,±0.9,25.40%,±1.3,34.50%,±1.4,17.70%,±2.9,18.60%,±3.8,16.70%,±3.7,30.10%,±1.5,27.90%,±1.8,32.20%,±1.9,26.70%,±1.2,23.00%,±1.6,30.50%,±1.7,25.30%,±0.5,22.10%,±0.6,28.30%,±0.6,25.30%,±1.8,22.40%,±2.1,28.30%,±2.2,21.10%,±1.3,18.70%,±1.7,23.50%,±2.1,22.10%,±2.6,20.30%,±3.3,24.00%,±3.5,29.40%,±3.0,21.50%,±4.0,37.00%,±4.3,28.10%,±0.7,25.70%,±1.0,30.60%,±0.9,30.10%,±1.1,26.00%,±1.3,34.30%,±1.3,18.20%,±2.3,15.90%,±3.3,19.80%,±2.7,25.60%,±2.7,22.10%,±3.5,29.20%,±3.3,24.30%,±0.8,21.30%,±1.0,27.20%,±1.0,25.10%,±1.1,22.50%,±1.5,27.80%,±1.3,22.10%,±1.7,18.70%,±1.9,25.80%,±2.4,24.20%,±1.8,21.50%,±2.3,27.00%,±2.2,32.20%,±1.2,29.40%,±1.6,35.20%,±1.8,28.00%,±1.1,22.20%,±1.4,34.10%,±1.5,24.80%,±2.6,21.30%,±3.1,29.00%,±4.5,19.70%,±1.0,15.80%,±1.2,23.70%,±1.5,25.40%,±1.2,21.20%,±1.6,29.30%,±1.5,27.90%,±0.9,25.00%,±1.3,30.90%,±1.1,25.60%,±1.4,21.00%,±1.6,30.70%,±2.0,32.90%,±1.5,27.20%,±1.6,38.80%,±2.3,27.10%,±1.4,24.20%,±1.7,29.80%,±1.6,23.90%,±3.6,23.10%,±4.4,24.90%,±4.9,24.60%,±2.8,20.10%,±2.9,29.60%,±3.6,22.30%,±1.8,18.30%,±2.1,26.20%,±2.6,15.30%,±2.2,12.90%,±2.7,17.90%,±2.9,20.50%,±1.0,16.80%,±1.4,24.10%,±1.2,33.90%,±2.3,30.70%,±2.6,37.20%,±3.1,27.30%,±0.6,22.30%,±0.7,31.90%,±0.8,30.90%,±1.1,26.50%,±1.4,35.80%,±1.4,20.70%,±2.8,17.20%,±3.2,25.00%,±4.3,27.40%,±0.8,24.30%,±1.1,30.40%,±1.1,25.40%,±1.3,22.40%,±1.5,28.20%,±1.8,26.60%,±1.5,22.20%,±1.9,31.30%,±2.1,24.30%,±0.8,21.20%,±0.9,27.20%,±1.2,23.50%,±2.8,22.50%,±3.8,24.50%,±3.2,30.90%,±1.5,28.00%,±1.9,33.90%,±1.7,26.80%,±3.3,22.30%,±4.0,32.40%,±4.6,29.10%,±1.0,26.50%,±1.2,31.70%,±1.3,29.10%,±0.6,24.50%,±0.7,33.50%,±0.8,23.70%,±2.5,21.60%,±2.8,25.90%,±3.2,24.30%,±3.8,19.80%,±4.0,30.70%,±5.9,22.30%,±1.0,19.20%,±1.1,25.70%,±1.4,25.90%,±1.7,22.70%,±2.0,29.40%,±2.1,29.50%,±1.7,26.80%,±2.0,32.40%,±2.3,23.60%,±1.2,19.10%,±1.5,28.50%,±1.5,19.40%,±4.2,12.40%,±4.4,27.50%,±6.3,60.60%,±1.0,58.60%,±1.4,62.50%,±1.3
    High school graduate (includes equivalency),15.70%,±0.6,12.90%,±0.9,18.30%,±0.9,9.80%,±1.3,8.50%,±1.5,11.60%,±2.3,16.00%,±0.8,15.10%,±1.0,16.80%,±1.0,15.40%,±0.8,13.40%,±1.0,17.30%,±1.0,14.70%,±0.3,13.40%,±0.4,15.90%,±0.4,12.90%,±0.8,11.50%,±1.0,14.20%,±1.0,10.60%,±0.8,9.50%,±0.9,11.50%,±1.0,10.50%,±1.3,7.40%,±1.5,13.20%,±2.0,23.60%,±2.7,20.00%,±3.9,26.70%,±3.5,15.60%,±0.4,14.30%,±0.5,16.70%,±0.5,16.20%,±0.6,13.80%,±0.9,18.30%,±0.8,9.60%,±1.1,7.20%,±1.3,12.00%,±1.6,13.50%,±1.0,12.70%,±1.4,14.30%,±1.4,12.10%,±0.4,10.70%,±0.5,13.50%,±0.5,12.10%,±0.5,10.60%,±0.7,13.60%,±0.6,9.60%,±0.6,8.40%,±0.8,10.90%,±0.9,12.20%,±0.8,9.70%,±1.0,14.70%,±1.1,14.70%,±0.6,13.00%,±0.9,16.30%,±0.8,14.80%,±0.7,11.40%,±0.8,18.00%,±1.0,13.50%,±1.0,12.00%,±1.2,14.90%,±1.2,10.30%,±0.6,8.70%,±0.7,11.80%,±0.8,10.80%,±0.6,9.00%,±0.7,12.50%,±0.8,15.00%,±0.5,13.80%,±0.6,16.20%,±0.6,10.70%,±0.5,9.30%,±0.6,12.10%,±0.7,18.10%,±1.1,14.80%,±1.3,21.20%,±1.5,12.90%,±0.6,11.50%,±0.7,14.30%,±0.7,13.00%,±1.4,11.30%,±1.7,14.80%,±1.8,10.70%,±0.8,8.70%,±1.0,12.70%,±1.1,12.40%,±0.9,11.10%,±1.0,13.80%,±1.3,9.20%,±0.9,7.20%,±1.2,11.20%,±1.2,10.10%,±0.5,8.20%,±0.7,11.80%,±0.6,17.50%,±1.5,15.50%,±1.7,19.50%,±2.0,13.70%,±0.4,11.90%,±0.4,15.40%,±0.5,15.00%,±0.5,13.20%,±0.6,16.80%,±0.7,10.40%,±1.2,7.90%,±1.6,12.90%,±1.6,12.70%,±0.4,11.00%,±0.5,14.30%,±0.5,15.30%,±0.6,13.00%,±0.9,17.50%,±0.9,14.10%,±0.9,13.30%,±1.2,14.80%,±1.0,11.50%,±0.3,9.50%,±0.4,13.20%,±0.4,11.90%,±1.3,9.60%,±1.8,13.90%,±1.8,15.90%,±0.6,13.80%,±0.9,17.90%,±0.9,12.90%,±1.3,11.50%,±1.6,14.40%,±1.8,15.40%,±0.6,13.20%,±0.8,17.50%,±0.8,14.70%,±0.4,12.50%,±0.4,16.60%,±0.5,10.80%,±0.9,10.20%,±1.4,11.20%,±1.3,11.30%,±1.4,10.70%,±1.5,12.10%,±2.0,10.30%,±0.5,8.70%,±0.6,11.80%,±0.6,11.90%,±0.7,10.90%,±0.8,12.80%,±0.9,14.30%,±0.8,12.30%,±1.2,16.20%,±1.1,10.70%,±0.5,9.60%,±0.7,11.80%,±0.7,10.00%,±1.6,8.10%,±1.8,12.20%,±2.2,44.50%,±1.0,38.50%,±1.3,50.60%,±1.3
    Some college or associate's degree,11.70%,±0.6,7.70%,±0.7,14.80%,±0.9,6.70%,±1.0,5.20%,±1.1,8.30%,±1.6,10.80%,±0.6,9.50%,±0.6,11.90%,±0.8,11.60%,±0.8,9.10%,±1.0,13.60%,±1.0,9.90%,±0.2,8.70%,±0.3,10.90%,±0.3,9.50%,±0.5,8.20%,±0.7,10.70%,±0.8,7.30%,±0.6,4.90%,±0.7,9.10%,±0.8,6.90%,±1.1,5.50%,±1.6,8.00%,±1.2,13.00%,±2.0,8.00%,±2.6,16.50%,±3.1,10.70%,±0.3,9.10%,±0.3,12.00%,±0.4,10.90%,±0.4,8.60%,±0.5,12.80%,±0.6,8.30%,±0.8,6.60%,±1.2,9.90%,±1.0,10.80%,±0.9,8.70%,±1.1,12.50%,±1.1,9.70%,±0.3,7.70%,±0.5,11.50%,±0.5,9.60%,±0.4,7.50%,±0.6,11.40%,±0.7,8.30%,±0.5,6.90%,±0.7,9.60%,±0.7,8.80%,±0.6,7.30%,±0.8,10.00%,±0.9,11.70%,±0.7,8.30%,±0.8,14.30%,±0.9,11.70%,±0.6,8.00%,±0.7,14.50%,±0.9,8.30%,±0.8,6.20%,±0.9,10.10%,±1.2,6.80%,±0.5,5.70%,±0.6,7.70%,±0.7,8.30%,±0.4,6.70%,±0.7,9.60%,±0.6,11.50%,±0.4,9.20%,±0.5,13.40%,±0.5,7.70%,±0.4,6.30%,±0.5,8.90%,±0.5,13.70%,±0.8,9.40%,±0.9,17.00%,±1.2,10.00%,±0.5,7.90%,±0.6,11.70%,±0.7,10.50%,±1.1,9.70%,±1.4,11.30%,±1.6,8.00%,±0.7,7.00%,±0.9,8.80%,±0.9,9.60%,±0.8,8.40%,±1.0,10.80%,±1.0,6.50%,±0.9,5.30%,±1.2,7.60%,±1.3,6.90%,±0.4,5.20%,±0.4,8.40%,±0.6,12.60%,±1.0,11.00%,±1.2,13.90%,±1.3,9.70%,±0.3,7.50%,±0.4,11.50%,±0.4,11.30%,±0.4,8.80%,±0.5,13.30%,±0.6,9.10%,±1.2,6.30%,±1.3,11.80%,±1.8,10.80%,±0.3,8.40%,±0.5,12.80%,±0.4,10.80%,±0.6,8.00%,±0.7,13.20%,±0.8,11.70%,±0.5,10.60%,±0.7,12.60%,±0.8,8.40%,±0.3,6.70%,±0.4,9.90%,±0.4,7.90%,±1.1,6.10%,±1.6,9.40%,±1.7,10.50%,±0.6,7.30%,±0.7,13.20%,±0.9,9.50%,±1.2,7.10%,±1.6,11.50%,±1.9,10.30%,±0.5,8.00%,±0.7,12.10%,±0.7,9.50%,±0.3,7.50%,±0.4,11.20%,±0.3,8.60%,±0.6,8.10%,±0.8,9.10%,±0.8,9.40%,±1.5,6.40%,±1.8,11.60%,±2.0,7.30%,±0.4,5.60%,±0.5,8.70%,±0.6,9.20%,±0.5,7.40%,±0.5,10.80%,±0.7,10.90%,±1.0,8.80%,±1.1,12.60%,±1.4,8.30%,±0.4,6.70%,±0.6,9.80%,±0.6,6.90%,±1.5,5.20%,±1.7,8.50%,±1.8,32.80%,±0.9,25.30%,±1.3,38.70%,±1.2
    Bachelor's degree or higher,4.10%,±0.4,3.80%,±0.5,4.30%,±0.5,2.80%,±0.8,1.90%,±0.9,3.70%,±1.1,4.60%,±0.4,3.90%,±0.5,5.30%,±0.5,3.90%,±0.5,3.30%,±0.7,4.40%,±0.7,4.90%,±0.1,4.70%,±0.2,5.20%,±0.2,4.60%,±0.3,4.20%,±0.4,5.00%,±0.4,3.40%,±0.4,3.00%,±0.6,3.70%,±0.5,2.80%,±0.7,2.50%,±0.9,3.00%,±1.0,6.60%,±1.1,7.00%,±1.8,6.30%,±1.2,5.60%,±0.3,5.10%,±0.3,6.10%,±0.4,4.70%,±0.3,3.90%,±0.4,5.30%,±0.4,4.10%,±0.6,3.90%,±0.9,4.30%,±1.0,5.50%,±0.8,5.10%,±0.9,5.80%,±1.0,4.00%,±0.2,3.40%,±0.2,4.60%,±0.3,3.40%,±0.3,2.90%,±0.4,3.90%,±0.4,3.50%,±0.5,2.80%,±0.5,4.20%,±0.6,3.70%,±0.4,3.50%,±0.7,3.90%,±0.6,4.10%,±0.5,3.70%,±0.6,4.40%,±0.7,4.20%,±0.4,3.90%,±0.5,4.60%,±0.6,3.60%,±0.6,3.10%,±0.8,4.10%,±0.8,2.80%,±0.3,2.50%,±0.4,3.00%,±0.3,3.90%,±0.3,3.30%,±0.3,4.50%,±0.4,4.30%,±0.3,3.90%,±0.4,4.80%,±0.4,3.20%,±0.3,3.00%,±0.4,3.50%,±0.4,5.10%,±0.7,4.20%,±1.1,5.70%,±0.9,4.30%,±0.4,4.30%,±0.4,4.30%,±0.5,5.60%,±0.9,5.20%,±1.3,5.90%,±1.1,3.00%,±0.4,2.90%,±0.5,3.10%,±0.6,5.10%,±0.7,5.00%,±1.0,5.20%,±0.9,3.00%,±0.5,2.70%,±0.7,3.30%,±0.7,3.20%,±0.2,3.00%,±0.3,3.50%,±0.3,5.40%,±0.7,4.90%,±0.8,5.80%,±0.9,4.90%,±0.2,4.40%,±0.3,5.30%,±0.2,4.00%,±0.3,3.50%,±0.3,4.40%,±0.4,4.10%,±0.8,3.60%,±1.1,4.50%,±0.9,4.00%,±0.2,3.70%,±0.4,4.20%,±0.3,3.80%,±0.3,3.50%,±0.5,4.00%,±0.4,5.80%,±0.5,5.80%,±0.7,5.80%,±0.6,3.60%,±0.2,3.10%,±0.2,4.00%,±0.3,5.20%,±1.0,5.40%,±1.3,5.00%,±1.1,4.10%,±0.4,3.80%,±0.5,4.40%,±0.5,4.00%,±1.1,4.10%,±1.2,4.00%,±1.5,4.10%,±0.4,4.00%,±0.5,4.30%,±0.5,3.90%,±0.2,3.60%,±0.2,4.30%,±0.2,4.70%,±0.5,4.30%,±0.7,5.20%,±0.7,4.60%,±0.9,5.30%,±1.2,4.10%,±1.1,2.80%,±0.2,2.20%,±0.2,3.30%,±0.3,4.20%,±0.3,3.80%,±0.4,4.60%,±0.4,4.60%,±0.8,4.00%,±0.9,5.20%,±1.2,3.50%,±0.4,3.20%,±0.4,3.70%,±0.5,3.60%,±1.2,2.80%,±1.3,4.40%,±1.7,12.60%,±0.7,10.10%,±0.9,14.20%,±0.9
MEDIAN EARNINGS IN THE PAST 12 MONTHS (IN 2010 INFLATION-ADJUSTED DOLLARS),,,,,,,,,,,,,,,,,,,,,,,,,,,,,,,,,,,,,,,,,,,,,,,,,,,,,,,,,,,,,,,,,,,,,,,,,,,,,,,,,,,,,,,,,,,,,,,,,,,,,,,,,,,,,,,,,,,,,,,,,,,,,,,,,,,,,,,,,,,,,,,,,,,,,,,,,,,,,,,,,,,,,,,,,,,,,,,,,,,,,,,,,,,,,,,,,,,,,,,,,,,,,,,,,,,,,,,,,,,,,,,,,,,,,,,,,,,,,,,,,,,,,,,,,,,,,,,,,,,,,,,,,,,,,,,,,,,,,,,,,,,,,,,,,,,,,,,,,,,,,,,,,,,,,,,,
    Population 25 years and over with earnings,"30,406",±253,"36,307",±525,"24,736",±479,"40,575",±704,"49,686","±2,691","31,950",±875,"32,106",±238,"37,027",±447,"28,172",±658,"27,498",±544,"32,735","±1,289","22,966",±575,"35,645",±130,"40,498",±151,"30,800",±157,"35,764",±304,"41,476",±342,"30,280",±314,"41,993",±362,"50,781",±408,"35,378",±604,"36,707",±637,"41,943",±938,"31,966",±639,"49,512","±2,198","50,562","±1,358","47,567","±2,552","30,108",±128,"32,428",±182,"26,448",±199,"31,576",±174,"37,148",±305,"26,995",±320,"35,202",±677,"40,853",±679,"30,750",±432,"27,388",±520,"32,397",±852,"22,205",±550,"35,687",±192,"41,883",±224,"29,640",±454,"31,372",±164,"38,374",±672,"25,586",±279,"31,761",±216,"37,399",±461,"26,617",±352,"31,794",±266,"39,137","±1,091","26,345",±531,"30,294",±268,"35,184",±590,"25,391",±352,"31,528",±273,"40,629",±382,"24,690",±513,"30,965",±425,"36,181",±702,"26,273",±482,"44,240",±592,"50,698",±362,"39,419",±740,"41,800",±226,"50,190",±347,"35,871",±438,"31,617",±160,"39,067",±625,"26,361",±261,"36,282",±234,"41,730",±251,"30,808",±269,"27,941",±681,"33,148","±1,153","23,386",±713,"31,206",±184,"36,693",±381,"26,693",±340,"28,078",±976,"34,142","±1,747","22,738",±783,"31,356",±248,"37,441",±786,"25,680",±395,"31,973",±325,"36,381",±719,"28,847","±1,012","38,050","±1,071","45,971",±865,"31,232",±533,"42,473",±466,"51,069",±308,"36,221",±368,"30,125",±607,"34,823","±1,445","25,118",±773,"37,757",±326,"42,129",±193,"32,468",±244,"30,724",±170,"34,904",±579,"26,655",±251,"31,927",±336,"40,275",±782,"26,210",±604,"31,858",±153,"38,737",±559,"26,588",±200,"30,199",±266,"35,623",±455,"23,696",±696,"30,439",±285,"36,325",±524,"25,296",±368,"34,229",±363,"40,888",±174,"27,809",±364,"36,919",±681,"41,997",±982,"32,011",±615,"30,362",±206,"35,866",±408,"25,469",±318,"30,246",±403,"34,672","±1,271","25,673",±502,"30,386",±203,"35,248",±414,"25,595",±310,"31,799",±128,"37,206",±212,"26,667",±218,"32,242",±319,"41,181",±444,"23,447",±673,"31,927",±468,"37,484","±1,352","27,590","±1,158","39,480",±572,"46,505",±467,"31,813",±307,"36,766",±303,"44,352","±1,131","30,491",±280,"29,690",±813,"36,215",±654,"23,279",±803,"32,717",±430,"40,041",±370,"27,512",±375,"35,108","±1,184","44,127","±2,187","25,360",±910,"17,459",±228,"17,367",±239,"17,619",±428
    Less than high school graduate,"17,366",±546,"20,549",±562,"13,299",±875,"20,087","±1,945","21,458","±2,894","18,387","±2,070","17,638",±752,"20,865",±604,"14,358",±927,"18,373",±926,"20,821",±881,"15,848",±818,"17,937",±220,"20,942",±208,"14,234",±264,"19,543","±1,223","23,122","±1,652","14,518","±1,675","21,807",±649,"25,273","±2,408","18,974","±1,641","20,888","±1,308","23,061","±2,677","17,509","±3,027","22,249","±2,133","23,223","±2,459","21,056","±3,885","16,904",±254,"19,127",±541,"14,443",±483,"17,175",±366,"19,567",±692,"14,155",±662,"18,662","±1,641","20,307","±2,806","17,540","±1,957","17,634","±1,622","21,744","±1,285","13,063","±1,231","20,413",±340,"22,648",±881,"16,145",±386,"18,744",±767,"21,356",±600,"14,683","±1,033","19,631","±1,076","21,704","±1,062","16,052","±1,010","19,937",±909,"22,918","±1,303","14,184","±1,531","17,635",±886,"20,590",±819,"14,092","±1,198","18,120","±1,046","24,377","±2,360","12,492",±709,"19,903","±2,039","21,840",±976,"13,872","±2,089","21,684",±481,"25,479",±944,"16,838",±737,"20,850",±601,"24,852","±1,525","16,856",±873,"16,633",±499,"19,477","±1,091","13,404",±985,"19,579",±917,"21,575",±632,"15,718",±885,"16,407",±855,"20,034","±1,001","12,345",±804,"17,712",±924,"21,350",±671,"13,824",±789,"17,117","±2,184","22,767","±2,897","12,665","±1,920","20,222","±1,521","22,882","±2,475","16,111","±1,641","22,101",±609,"25,457",±954,"19,264","±1,288","22,637","±2,005","29,212","±2,501","17,145","±2,694","21,463",±452,"25,051","±1,112","17,269",±558,"16,636",±735,"19,298","±1,183","12,771","±1,007","19,777",±411,"22,107",±339,"15,495",±399,"16,371",±374,"18,498",±835,"13,040",±629,"19,900","±1,911","23,738","±4,326","15,575","±2,828","17,012",±466,"20,548",±615,"13,796",±728,"17,745",±871,"21,513",±777,"14,067",±762,"17,970",±937,"22,002","±1,056","13,258","±1,151","19,537",±565,"24,143","±1,035","14,185",±764,"20,035","±1,526","24,148","±3,226","17,712","±1,339","17,251",±633,"20,487",±592,"13,956",±924,"19,313","±2,441","21,695","±2,180","15,676","±2,604","17,087",±541,"20,612",±559,"13,031",±730,"17,551",±257,"21,366",±198,"12,690",±280,"21,220",±724,"24,521","±1,593","17,324","±1,436","17,769","±3,026","20,693","±2,836","15,348","±2,602","20,392",±394,"24,175","±1,587","15,595",±551,"19,291",±895,"21,870",±647,"14,725","±1,106","18,589","±2,129","23,666","±2,682","13,165","±1,939","19,473",±883,"22,171",±870,"14,398","±1,180","23,787","±5,543","28,168","±3,746","11,007","±3,514","10,692",±433,"11,188",±529,"9,169","±1,093"
    High school graduate (includes equivalency),"24,849",±669,"30,622",±523,"19,165",±584,"30,617",±976,"36,552","±2,490","22,157","±1,848","25,607",±506,"29,339","±1,534","21,971",±429,"22,895",±712,"30,035","±1,134","18,415",±698,"27,122",±204,"31,211",±226,"22,848",±438,"26,852",±481,"31,662",±565,"21,972",±570,"31,553",±579,"39,273","±1,882","24,743","±1,146","29,043","±1,675","33,045","±2,604","24,707","±2,511","31,309",±812,"31,429","±1,161","31,172","±1,320","23,936",±400,"26,588",±323,"21,260",±265,"25,278",±364,"30,066",±586,"20,955",±355,"28,921","±1,062","31,927","±1,024","25,262",±964,"23,617","±1,094","27,446","±1,427","19,097","±1,254","26,860",±287,"32,052",±344,"21,776",±283,"26,300",±313,"32,153",±371,"20,749",±362,"26,164",±383,"31,471",±450,"20,750",±434,"25,362",±591,"31,183",±556,"19,447",±867,"24,355",±618,"29,703","±1,223","20,389",±433,"26,419",±531,"35,733",±705,"19,826",±583,"25,114",±700,"30,946",±727,"19,991",±658,"31,627",±372,"36,748",±857,"27,181",±689,"31,030",±378,"36,986",±745,"25,112",±842,"24,180",±511,"29,913",±834,"19,635",±446,"27,286",±413,"31,992",±335,"21,924",±499,"23,760",±938,"30,268",±931,"18,890",±996,"25,051",±397,"30,160",±458,"20,688",±352,"23,290",±991,"28,398","±1,729","18,668","±1,752","25,392",±509,"31,313",±552,"19,781",±725,"28,844","±1,173","31,701",±612,"25,671",±725,"31,204",±730,"36,543","±1,152","24,758","±1,320","31,295",±324,"38,066","±1,165","25,355",±511,"24,540","±1,075","28,588","±2,032","20,126",±995,"28,636",±382,"32,836",±844,"23,477",±477,"24,973",±470,"28,622",±886,"20,828",±338,"26,332",±889,"32,995","±2,269","20,626","±1,087","26,028",±276,"31,739",±271,"20,821",±271,"23,999",±653,"29,765","±1,138","18,399",±602,"24,147",±657,"27,918","±1,440","20,895",±600,"26,785",±171,"32,474",±493,"21,134",±212,"28,854","±1,979","35,621","±1,822","23,217","±2,395","24,889",±638,"30,431",±471,"20,347",±514,"24,637","±1,041","28,868","±1,872","20,332",±770,"24,248",±517,"29,384",±966,"20,168",±341,"25,536",±228,"30,744",±257,"20,653",±290,"26,724",±705,"33,473","±1,957","20,406",±780,"27,020",±842,"30,984",±905,"22,451","±1,532","27,801",±669,"33,376","±1,362","22,225",±400,"29,611",±774,"34,975","±1,126","22,794",±719,"25,595",±512,"31,944",±673,"19,191","±1,040","27,342",±388,"32,589",±729,"21,797",±340,"30,173","±1,835","41,185","±2,041","20,822","±1,270","14,554",±300,"15,280",±286,"13,204",±468
    Some college or associate's degree,"30,064",±530,"37,724","±1,472","24,624",±583,"40,159","±1,262","49,215","±3,402","32,102","±1,982","31,751",±332,"38,294","±1,288","27,216",±467,"27,175",±443,"35,666",±642,"23,312",±842,"35,735",±193,"41,538",±208,"30,686",±212,"32,651",±955,"40,093",±846,"27,734",±879,"39,035","±1,340","46,219","±1,050","32,370",±929,"36,140","±1,502","41,586","±1,631","31,019","±1,350","35,530","±2,993","35,649","±4,662","35,360","±4,225","30,092",±223,"34,314","±1,036","26,256",±296,"30,796",±244,"37,315",±551,"25,880",±398,"33,917","±2,183","40,961","±1,085","29,599","±1,298","26,330",±706,"32,417","±1,434","21,436",±683,"32,067",±241,"40,780",±428,"26,825",±348,"30,942",±317,"40,093",±698,"25,042",±521,"31,143",±342,"37,891","±1,036","25,724",±517,"30,298",±413,"36,623",±835,"24,571",±883,"30,207",±465,"36,786","±1,020","25,315",±596,"30,827",±375,"41,635",±729,"23,932",±796,"30,325",±644,"36,091",±950,"25,920",±573,"41,279",±470,"47,438","±1,319","36,477",±820,"37,127",±400,"44,987","±1,514","31,658",±471,"30,254",±264,"37,421",±757,"24,723",±560,"33,515",±747,"40,586",±428,"28,628",±655,"28,255",±887,"35,958",±959,"22,814",±853,"30,542",±293,"36,305",±563,"26,242",±449,"26,219","±1,052","33,941","±2,962","21,181",±936,"30,005",±597,"36,421","±1,028","24,101",±747,"33,812","±1,268","38,737","±1,993","30,174",±941,"35,772",±870,"43,127","±2,959","29,322","±1,800","40,213",±415,"48,705","±1,873","32,361",±555,"30,101",±925,"36,852","±1,257","25,002","±1,119","35,824",±254,"41,896",±344,"31,072",±242,"30,068",±317,"35,821",±512,"25,583",±376,"30,809",±565,"38,867","±2,870","23,096","±1,268","31,004",±227,"37,334",±422,"26,242",±296,"29,424",±887,"35,949",±732,"22,510",±945,"28,783",±753,"35,709",±785,"24,438",±782,"32,391",±260,"40,417",±270,"27,396",±433,"33,739","±1,680","40,802","±1,453","30,321",±962,"29,814",±673,"37,067",±526,"24,907",±783,"29,303","±1,188","34,630","±2,035","25,038","±1,047","30,385",±345,"36,379",±650,"25,684",±454,"31,899",±181,"38,898",±677,"27,056",±323,"30,658",±518,"39,524","±1,635","22,087",±648,"30,999",±843,"38,809","±3,336","25,566","±1,601","35,552",±391,"42,546","±1,294","29,573",±824,"35,147",±493,"41,702",±515,"28,983","±1,026","27,923","±1,495","36,316","±1,369","23,363",±974,"31,798",±279,"39,618",±968,"26,803",±368,"31,748",±982,"41,711","±1,484","24,677","±1,283","17,058",±298,"19,488",±821,"15,620",±386
    Bachelor's degree,"45,502","±1,185","60,017","±2,752","36,873",±842,"51,137","±1,919","62,488","±5,893","41,816","±2,390","46,091",±919,"55,139","±2,368","39,411","±1,359","41,102",±607,"48,518","±3,143","36,184",±939,"52,248",±219,"61,989",±358,"45,699",±493,"45,655",±892,"55,842","±1,818","36,750",±656,"56,329","±1,254","69,222","±2,657","45,965","±1,634","48,943","±2,831","55,705","±4,987","41,992","±1,419","56,869","±2,716","61,407","±3,259","54,340","±3,635","41,992",±294,"50,583",±493,"37,964",±699,"48,474","±1,157","60,281","±1,483","40,012","±1,113","43,487","±2,372","51,202","±1,179","38,269","±3,110","39,171","±1,912","50,031","±2,728","30,851","±1,443","49,478",±887,"60,975",±513,"40,626",±448,"42,884","±1,042","52,033",±525,"36,475",±614,"41,632",±559,"51,479",±970,"36,036",±733,"42,036",±518,"53,036","±2,998","35,675",±847,"42,150",±500,"52,300","±1,216","36,333",±971,"45,181",±929,"53,293","±2,675","39,721","±1,166","40,932","±1,015","48,693","±2,903","35,961","±1,910","55,616","±1,019","66,800","±1,331","48,578","±1,076","52,457",±911,"64,396","±2,504","45,399",±921,"46,045",±637,"57,266","±1,182","36,799",±593,"48,562","±1,232","57,560","±1,999","40,703",±511,"37,726","±1,757","47,946","±3,539","33,534","±1,375","41,770",±475,"52,262","±1,201","35,321",±748,"33,809","±1,470","41,507","±1,233","30,212","±1,045","40,820",±605,"50,573","±1,093","34,728","±1,437","42,498","±2,270","50,677","±2,148","38,515","±2,524","46,991","±1,354","62,010","±3,263","37,257","±1,954","57,081",±807,"70,462",±904,"49,609","±1,139","41,639","±1,058","48,614","±2,846","36,270","±2,274","51,219",±279,"60,094","±1,204","45,396",±527,"42,247",±333,"52,138",±670,"36,991",±501,"40,188",±943,"48,949","±3,284","33,648","±2,248","45,534",±537,"56,013",±913,"36,911",±552,"40,926",±584,"51,161",±856,"35,561",±504,"41,884",±649,"51,774","±1,075","33,889","±2,021","46,904",±557,"57,190","±1,152","39,319",±878,"51,115","±1,358","58,737","±4,651","44,868","±3,625","41,120",±626,"51,375",±916,"33,328","±1,921","36,955",±854,"43,530","±4,469","32,401","±1,189","42,181",±457,"52,968","±1,811","36,325",±722,"49,322",±495,"60,868",±393,"42,180",±277,"41,156",±720,"51,586","±1,129","30,195","±1,355","38,534","±2,716","48,257","±2,547","32,232","±1,493","52,876","±1,244","68,639","±2,241","43,007","±1,053","50,558",±575,"62,271",±947,"40,054","±1,154","39,750","±1,344","48,073","±3,095","33,679","±2,662","44,534","±1,126","54,480","±1,853","36,727",±598,"44,737","±2,255","50,788","±1,733","36,657","±3,803","25,866",±628,"30,340",±780,"23,627",±663
    Graduate or professional degree,"52,476","±1,060","71,600","±3,285","48,801","±1,090","67,634","±6,814","72,452","±6,227","60,365","±4,214","60,051","±2,024","72,807","±3,561","51,047",±902,"54,036","±3,592","69,442","±5,629","47,987","±1,845","74,423","±1,260","90,564",±588,"61,956",±345,"61,536",±753,"79,911","±3,997","50,243","±1,171","74,050","±1,883","92,756","±3,913","61,455","±1,339","67,628","±4,088","88,085","±7,259","53,107","±3,186","77,482","±2,737","85,011","±7,830","71,327","±2,405","55,005","±1,168","67,948","±3,479","46,985",±633,"61,061",±543,"79,386","±2,799","52,077",±524,"61,009","±1,028","70,734","±4,283","52,122","±2,685","53,652","±3,230","70,651","±2,428","45,771","±1,932","65,275","±1,031","81,130","±1,124","53,981","±1,196","57,526","±1,181","70,825","±1,979","50,604",±984,"55,940","±1,135","66,079","±4,317","50,398",±886,"55,046","±1,964","66,370","±1,415","46,869","±1,009","51,576",±686,"61,858","±1,998","47,291",±964,"54,014","±1,525","70,151","±5,113","48,549","±1,366","52,071",±944,"62,191","±4,129","48,299","±2,136","78,316","±1,936","95,636","±2,682","65,720","±1,280","68,607","±1,634","86,731","±2,058","58,782","±2,033","65,162","±1,080","76,612","±1,587","56,631",±780,"62,378",±965,"75,078","±3,068","55,421","±1,192","49,025","±1,556","60,769","±2,238","41,945","±1,161","55,277","±1,264","70,370","±3,064","48,023","±1,515","49,119","±2,932","60,373","±3,545","42,083","±2,438","54,969","±3,122","68,515","±4,465","47,292","±2,000","64,184","±3,141","76,021","±5,565","55,749","±3,402","63,294","±2,470","84,062","±5,095","51,441","±1,563","80,417",±746,"97,202","±2,468","66,429","±1,187","51,771","±1,082","65,444","±5,221","45,643","±1,760","66,529",±727,"81,170",±801,"58,648","±1,197","54,611","±1,494","73,050","±3,249","47,160",±964,"52,295","±2,891","61,705","±7,546","48,712","±2,203","60,798",±478,"72,404","±1,618","51,924",±516,"50,793",±949,"65,773","±5,120","42,704","±1,611","54,217","±2,541","69,005","±4,065","45,301","±2,103","63,065","±1,245","77,132","±1,586","54,246","±1,664","64,610","±4,041","73,770","±6,285","57,110","±6,098","51,418",±827,"61,878","±1,869","46,789","±1,053","50,567","±2,541","60,851","±3,360","41,174","±1,868","52,373","±1,134","67,366","±3,831","46,376",±951,"61,591",±378,"79,961","±2,710","51,362",±310,"62,085","±1,550","74,857","±3,850","50,002","±1,788","53,899","±3,568","65,380","±5,150","47,237","±4,553","75,523","±1,021","97,470","±2,620","59,439","±2,001","62,865","±1,717","79,740","±3,334","52,160",±706,"50,661","±1,407","60,882","±2,213","44,623","±2,171","59,962","±1,544","71,312","±2,027","51,782",±627,"56,550","±4,166","60,872","±4,303","53,405","±4,522","37,103",±975,"46,054","±2,632","33,957","±1,761"
PERCENT IMPUTED,,,,,,,,,,,,,,,,,,,,,,,,,,,,,,,,,,,,,,,,,,,,,,,,,,,,,,,,,,,,,,,,,,,,,,,,,,,,,,,,,,,,,,,,,,,,,,,,,,,,,,,,,,,,,,,,,,,,,,,,,,,,,,,,,,,,,,,,,,,,,,,,,,,,,,,,,,,,,,,,,,,,,,,,,,,,,,,,,,,,,,,,,,,,,,,,,,,,,,,,,,,,,,,,,,,,,,,,,,,,,,,,,,,,,,,,,,,,,,,,,,,,,,,,,,,,,,,,,,,,,,,,,,,,,,,,,,,,,,,,,,,,,,,,,,,,,,,,,,,,,,,,,,,,,,,,
    Educational attainment,5.20%,(X),(X),(X),(X),(X),3.80%,(X),(X),(X),(X),(X),6.60%,(X),(X),(X),(X),(X),4.00%,(X),(X),(X),(X),(X),6.00%,(X),(X),(X),(X),(X),4.70%,(X),(X),(X),(X),(X),4.10%,(X),(X),(X),(X),(X),3.80%,(X),(X),(X),(X),(X),7.10%,(X),(X),(X),(X),(X),6.70%,(X),(X),(X),(X),(X),6.10%,(X),(X),(X),(X),(X),6.30%,(X),(X),(X),(X),(X),7.70%,(X),(X),(X),(X),(X),4.50%,(X),(X),(X),(X),(X),3.80%,(X),(X),(X),(X),(X),3.00%,(X),(X),(X),(X),(X),3.20%,(X),(X),(X),(X),(X),3.60%,(X),(X),(X),(X),(X),4.50%,(X),(X),(X),(X),(X),3.00%,(X),(X),(X),(X),(X),4.20%,(X),(X),(X),(X),(X),4.60%,(X),(X),(X),(X),(X),4.10%,(X),(X),(X),(X),(X),3.30%,(X),(X),(X),(X),(X),4.40%,(X),(X),(X),(X),(X),3.90%,(X),(X),(X),(X),(X),3.40%,(X),(X),(X),(X),(X),3.00%,(X),(X),(X),(X),(X),4.70%,(X),(X),(X),(X),(X),3.90%,(X),(X),(X),(X),(X),4.60%,(X),(X),(X),(X),(X),5.40%,(X),(X),(X),(X),(X),6.20%,(X),(X),(X),(X),(X),4.20%,(X),(X),(X),(X),(X),2.50%,(X),(X),(X),(X),(X),3.60%,(X),(X),(X),(X),(X),4.00%,(X),(X),(X),(X),(X),4.20%,(X),(X),(X),(X),(X),4.30%,(X),(X),(X),(X),(X),4.00%,(X),(X),(X),(X),(X),5.80%,(X),(X),(X),(X),(X),2.80%,(X),(X),(X),(X),(X),4.10%,(X),(X),(X),(X),(X),4.70%,(X),(X),(X),(X),(X),3.20%,(X),(X),(X),(X),(X),2.60%,(X),(X),(X),(X),(X),4.70%,(X),(X),(X),(X),(X),3.60%,(X),(X),(X),(X),(X),3.40%,(X),(X),(X),(X),(X),3.30%,(X),(X),(X),(X),(X),2.90%,(X),(X),(X),(X),(X),3.60%,(X),(X),(X),(X),(X)
